{"type":"FeatureCollection", "features": [
{"type":"Feature","geometry":{"type":"Polygon","coordinates":[[[-79.35141701493913,43.70087949844126],[-79.35158450381677,43.70109980267127],[-79.35193740960555,43.701418393336766],[-79.35235760388932,43.701690195639166],[-79.35283021539452,43.701911393474674],[-79.353357208526,43.70203358888252],[-79.35439269925696,43.702042210225734],[-79.35504249831678,43.70200929622127],[-79.3564635955382,43.701847293529205],[-79.35732059022241,43.701823598496055],[-79.3584473022175,43.70192079883482],[-79.35887718836773,43.702076323276444],[-79.36682932968309,43.694454008309556],[-79.36768388561606,43.694949095851754],[-79.36924478254804,43.69596180178203],[-79.36976069297168,43.69615829690572],[-79.37012159806079,43.69703680355519],[-79.37136820712064,43.69678440682602],[-79.37172570074539,43.69674430580473],[-79.37140399008288,43.69596559813695],[-79.37079229746067,43.69426420047937],[-79.37378711368046,43.693649510332854],[-79.37413610852161,43.6940506905695],[-79.37442780821499,43.69427990190056],[-79.37560079190222,43.69403549984272],[-79.37675525102956,43.693827842448954],[-79.37722964443032,43.693722788003164],[-79.37381419146895,43.69253684496522],[-79.37109222023574,43.690836755423724],[-79.37084576875385,43.69069139403306],[-79.37059140656388,43.690536798076145],[-79.36892015633927,43.69002282353082],[-79.36816900994367,43.68967434943112],[-79.36743401291139,43.68915771983532],[-79.36685923467184,43.688480434278496],[-79.36685406023919,43.68766909875105],[-79.36711931864909,43.686999845913384],[-79.36663712341495,43.6844068042881],[-79.3679134075762,43.68126679488594],[-79.36724252011034,43.67924629051297],[-79.36690713107947,43.678782248751304],[-79.36662433763728,43.67878212304794],[-79.36392757176692,43.67899810523377],[-79.364186948595,43.6792333860234],[-79.36474276403025,43.67969002082753],[-79.36492373194586,43.68001707697479],[-79.36538248895287,43.68019846400885],[-79.36582357000165,43.68047489828169],[-79.36627008029483,43.68092909257427],[-79.36641886385848,43.681311921563335],[-79.36634132149311,43.68161245262769],[-79.36585455130619,43.6820345192828],[-79.36485534670203,43.682651770613376],[-79.36359308868299,43.68312473932484],[-79.36322333058446,43.683280314351784],[-79.36243372673202,43.684112072154875],[-79.36192534072327,43.684577045239365],[-79.36166303649706,43.68510595750953],[-79.36160726709565,43.68564700474618],[-79.36183984305697,43.68622263715657],[-79.36244674670559,43.68737316211251],[-79.36259265490787,43.6877130903064],[-79.362604376449,43.688115103091704],[-79.36227803888978,43.68850367252528],[-79.36220138363588,43.688525062095664],[-79.36181805884054,43.68863205332788],[-79.3612835307225,43.68928103095329],[-79.3608253210302,43.690167807731726],[-79.36060311398884,43.690514763237005],[-79.35990363524897,43.691497724695175],[-79.35983830262253,43.69186026454685],[-79.36018050158435,43.69221441691454],[-79.36071792336168,43.69246214567099],[-79.3613207566847,43.6928790055042],[-79.3615908250435,43.69329183847617],[-79.36186602491173,43.69381134618025],[-79.3618262069385,43.694094355992206],[-79.36070835565154,43.69493361067118],[-79.36023250475827,43.69520850409988],[-79.35984013273327,43.69539270169808],[-79.35890213925923,43.69559014022197],[-79.35840335301302,43.69548616027355],[-79.35772063608007,43.69525490161435],[-79.35723760121017,43.695290598474834],[-79.35672233469916,43.69554428637948],[-79.35616911865598,43.69643860638853],[-79.3560442831007,43.696736116229715],[-79.35606332395375,43.697028794920286],[-79.35593482268365,43.69727269176183],[-79.35578489104708,43.697321921676426],[-79.35519602057481,43.69780093874437],[-79.35496164592308,43.69813523623254],[-79.35458569272303,43.698272063579466],[-79.35424185166569,43.69815307790889],[-79.35385517222608,43.69817449992311],[-79.35271403748388,43.69865287844275],[-79.3520396843068,43.69867228119224],[-79.35121753909485,43.69875388802005],[-79.35063277395368,43.69931545233412],[-79.35056245980014,43.69942041616234],[-79.35141701493913,43.70087949844126]]]},"properties":{"DAUID":"35200746","DGUID":"2021S051235200746","LANDAREA":1.4614,"PRUID":"35"}},
{"type":"Feature","geometry":{"type":"Polygon","coordinates":[[[-79.36724252011034,43.67924629051297],[-79.3679134075762,43.68126679488594],[-79.36663712341495,43.6844068042881],[-79.36711931864909,43.686999845913384],[-79.36685406023919,43.68766909875105],[-79.36685923467184,43.688480434278496],[-79.36743401291139,43.68915771983532],[-79.36816900994367,43.68967434943112],[-79.36892015633927,43.69002282353082],[-79.36972889108861,43.689089791491305],[-79.37131260027707,43.68971570453133],[-79.37120601812664,43.68952509634483],[-79.37041360083322,43.687631996941015],[-79.37025819454634,43.6874135966029],[-79.37037371283839,43.687271197405025],[-79.37102398617272,43.68708241058813],[-79.37107801718585,43.686002701143096],[-79.37125850009272,43.685753209400765],[-79.37197081905482,43.68556529036308],[-79.37265730963244,43.68541299088728],[-79.37247451252199,43.68483409917468],[-79.3724838928223,43.68448311090702],[-79.37261379682191,43.684268896022616],[-79.37278749312497,43.68381210560775],[-79.37296501053908,43.68321140902448],[-79.37309581722549,43.6829611984314],[-79.37335190834212,43.68220849732606],[-79.37384408719633,43.680981986755896],[-79.37413898595663,43.680166792014155],[-79.3745409081458,43.67922651704741],[-79.37208462614235,43.679024671558075],[-79.37167956431132,43.67893820799883],[-79.37148223065302,43.67882674946463],[-79.36998746471365,43.678670312795134],[-79.3681868955753,43.67865219923618],[-79.36724252011034,43.67924629051297]]]},"properties":{"DAUID":"35200747","DGUID":"2021S051235200747","LANDAREA":0.5005,"PRUID":"35"}},
{"type":"Feature","geometry":{"type":"Polygon","coordinates":[[[-79.36892015633927,43.69002282353082],[-79.37059140656388,43.690536798076145],[-79.37084576875385,43.69069139403306],[-79.37239382764926,43.68913108670946],[-79.37309122533914,43.68841509475536],[-79.37382714017035,43.6878112824311],[-79.37429392060307,43.687485185927514],[-79.37478792526039,43.687180481332234],[-79.37544612809218,43.68682727635496],[-79.37620693414102,43.68649269575554],[-79.3768966491549,43.686226786337286],[-79.37761823778753,43.6859831919892],[-79.37886154141417,43.68567509741111],[-79.38013045766795,43.68541920391457],[-79.38012120536439,43.68514989799669],[-79.37641479243054,43.68594360934065],[-79.37421879106694,43.68639858678285],[-79.37390658775442,43.68647520652324],[-79.37102398617272,43.68708241058813],[-79.37037371283839,43.687271197405025],[-79.37025819454634,43.6874135966029],[-79.37041360083322,43.687631996941015],[-79.37120601812664,43.68952509634483],[-79.37131260027707,43.68971570453133],[-79.36972889108861,43.689089791491305],[-79.36892015633927,43.69002282353082]]]},"properties":{"DAUID":"35200748","DGUID":"2021S051235200748","LANDAREA":0.111,"PRUID":"35"}},
{"type":"Feature","geometry":{"type":"Polygon","coordinates":[[[-79.37755140860673,43.68428500567994],[-79.37757418599013,43.68435739886131],[-79.37662630139404,43.684541997805866],[-79.37636950595716,43.68440330288825],[-79.37603288339982,43.68446160247457],[-79.37387231644105,43.684989090306736],[-79.37373029671932,43.68519410691296],[-79.37265730963244,43.68541299088728],[-79.37197081905482,43.68556529036308],[-79.37125850009272,43.685753209400765],[-79.37107801718585,43.686002701143096],[-79.37102398617272,43.68708241058813],[-79.37390658775442,43.68647520652324],[-79.37421879106694,43.68639858678285],[-79.37641479243054,43.68594360934065],[-79.38012120536439,43.68514989799669],[-79.3796102994757,43.68384610182595],[-79.37755140860673,43.68428500567994]]]},"properties":{"DAUID":"35200749","DGUID":"2021S051235200749","LANDAREA":0.1115,"PRUID":"35"}},
{"type":"Feature","geometry":{"type":"Polygon","coordinates":[[[-79.37384408719633,43.680981986755896],[-79.37335190834212,43.68220849732606],[-79.37309581722549,43.6829611984314],[-79.37296501053908,43.68321140902448],[-79.37278749312497,43.68381210560775],[-79.37261379682191,43.684268896022616],[-79.3724838928223,43.68448311090702],[-79.37247451252199,43.68483409917468],[-79.37265730963244,43.68541299088728],[-79.37373029671932,43.68519410691296],[-79.37387231644105,43.684989090306736],[-79.37603288339982,43.68446160247457],[-79.37636950595716,43.68440330288825],[-79.37662630139404,43.684541997805866],[-79.37757418599013,43.68435739886131],[-79.37755140860673,43.68428500567994],[-79.37714159534957,43.68337879073242],[-79.37751559838186,43.68325770148888],[-79.37765818802859,43.68307780680013],[-79.37728520026306,43.68215929722969],[-79.37701899488408,43.681942997779274],[-79.37682960857579,43.681893202364236],[-79.3762862110542,43.681852210211225],[-79.37562890809572,43.6816578906882],[-79.3748391180092,43.681347294641824],[-79.37384408719633,43.680981986755896]]]},"properties":{"DAUID":"35200750","DGUID":"2021S051235200750","LANDAREA":0.1278,"PRUID":"35"}},
{"type":"Feature","geometry":{"type":"Polygon","coordinates":[[[-79.37755140860673,43.68428500567994],[-79.3796102994757,43.68384610182595],[-79.38012120536439,43.68514989799669],[-79.38013045766795,43.68541920391457],[-79.38200094917786,43.685041995167055],[-79.38290973296061,43.68481818234158],[-79.38371450657264,43.68451229952991],[-79.38335939929527,43.6837641109368],[-79.38330300602978,43.68355619039311],[-79.38324819937927,43.6828260871917],[-79.38313790198846,43.682311291395806],[-79.38265528817392,43.681341108817676],[-79.38269470470964,43.681260590554004],[-79.38240429574202,43.680728895103144],[-79.38212628938606,43.6808268040907],[-79.38074034163762,43.680063442249875],[-79.37915994270236,43.679832929038334],[-79.37845725475842,43.679788208394456],[-79.37788380108306,43.679795064242676],[-79.37726739737619,43.67974276785404],[-79.3762152140279,43.679887989544774],[-79.37600533372716,43.67984516677732],[-79.37558134275042,43.67963030196975],[-79.37469117419363,43.67925553805821],[-79.3745409081458,43.67922651704741],[-79.37413898595663,43.680166792014155],[-79.37384408719633,43.680981986755896],[-79.3748391180092,43.681347294641824],[-79.37562890809572,43.6816578906882],[-79.3762862110542,43.681852210211225],[-79.37682960857579,43.681893202364236],[-79.37701899488408,43.681942997779274],[-79.37728520026306,43.68215929722969],[-79.37765818802859,43.68307780680013],[-79.37751559838186,43.68325770148888],[-79.37714159534957,43.68337879073242],[-79.37755140860673,43.68428500567994]]]},"properties":{"DAUID":"35200751","DGUID":"2021S051235200751","LANDAREA":0.2882,"PRUID":"35"}},
{"type":"Feature","geometry":{"type":"Polygon","coordinates":[[[-79.3745409081458,43.67922651704741],[-79.37469117419363,43.67925553805821],[-79.37558134275042,43.67963030196975],[-79.37600533372716,43.67984516677732],[-79.3762152140279,43.679887989544774],[-79.37726739737619,43.67974276785404],[-79.37788380108306,43.679795064242676],[-79.37845725475842,43.679788208394456],[-79.37915994270236,43.679832929038334],[-79.38074034163762,43.680063442249875],[-79.38212628938606,43.6808268040907],[-79.38240429574202,43.680728895103144],[-79.38186251439137,43.680120803429524],[-79.38151070964953,43.67980990522704],[-79.38130350546736,43.67955761322538],[-79.38102959289454,43.67910279949047],[-79.38069549814678,43.67831931251205],[-79.3802583034344,43.67820979279919],[-79.37841638287328,43.67796760080042],[-79.37794969033045,43.677789904744806],[-79.37776860317106,43.67760730121946],[-79.37763918710705,43.67734428700644],[-79.37721559340777,43.67741030323532],[-79.37686671518583,43.676550004022644],[-79.3764640145784,43.67630119498232],[-79.37623181725722,43.675712696687185],[-79.37590589728565,43.675834104918586],[-79.37515709947989,43.676003493005396],[-79.37508288217478,43.676452609235135],[-79.37513759366219,43.67672350602634],[-79.3753010019868,43.6771040114479],[-79.3752954137855,43.677311000896005],[-79.37516289733037,43.677624299660536],[-79.3745409081458,43.67922651704741]]]},"properties":{"DAUID":"35200752","DGUID":"2021S051235200752","LANDAREA":0.1401,"PRUID":"35"}},
{"type":"Feature","geometry":{"type":"Polygon","coordinates":[[[-79.37763918710705,43.67734428700644],[-79.37776860317106,43.67760730121946],[-79.37794969033045,43.677789904744806],[-79.37841638287328,43.67796760080042],[-79.3802583034344,43.67820979279919],[-79.38069549814678,43.67831931251205],[-79.38102959289454,43.67910279949047],[-79.38130350546736,43.67955761322538],[-79.38268318858825,43.6793786886799],[-79.38534090057286,43.678812992401056],[-79.38655151111692,43.67854200384856],[-79.3862958045753,43.677899103094184],[-79.38627711014107,43.67767369007894],[-79.38640470188525,43.67754050486609],[-79.3864820157234,43.67743350318317],[-79.3864389111661,43.67718979672705],[-79.38625010350181,43.67682701328682],[-79.38587218414413,43.676578501627546],[-79.38469981308053,43.676814101583616],[-79.3844762993041,43.6763606905108],[-79.38437239983642,43.67607111257517],[-79.3840967892853,43.675707089068034],[-79.38373110470985,43.67546780787732],[-79.38312540792737,43.67538721337825],[-79.3826831099625,43.67522791339188],[-79.38210110757504,43.67611100570185],[-79.38162049347572,43.67645540754535],[-79.38144640259779,43.676470887871005],[-79.38120221066917,43.676323402068114],[-79.38065900645142,43.67622569584152],[-79.38013651810247,43.6762812900838],[-79.37950108709327,43.676481799552704],[-79.37850280699182,43.676600302694204],[-79.37821438981518,43.67671320593623],[-79.37784710798334,43.67699609510434],[-79.37763918710705,43.67734428700644]]]},"properties":{"DAUID":"35200753","DGUID":"2021S051235200753","LANDAREA":0.1923,"PRUID":"35"}},
{"type":"Feature","geometry":{"type":"Polygon","coordinates":[[[-79.37515709947989,43.676003493005396],[-79.37590589728565,43.675834104918586],[-79.37623181725722,43.675712696687185],[-79.3764640145784,43.67630119498232],[-79.37686671518583,43.676550004022644],[-79.37721559340777,43.67741030323532],[-79.37763918710705,43.67734428700644],[-79.37784710798334,43.67699609510434],[-79.37821438981518,43.67671320593623],[-79.37850280699182,43.676600302694204],[-79.37950108709327,43.676481799552704],[-79.38013651810247,43.6762812900838],[-79.38065900645142,43.67622569584152],[-79.38120221066917,43.676323402068114],[-79.38144640259779,43.676470887871005],[-79.38162049347572,43.67645540754535],[-79.38210110757504,43.67611100570185],[-79.3826831099625,43.67522791339188],[-79.3840570963941,43.67349160397076],[-79.38219988499388,43.67335730476134],[-79.38070218627199,43.673236992382506],[-79.37973721288269,43.673142299849296],[-79.37713219528915,43.673141292665385],[-79.37756069523442,43.67432839845268],[-79.37785059423547,43.675024301221335],[-79.37751648395786,43.674992603941966],[-79.3761656140971,43.67494638997416],[-79.37552171299552,43.67490121420096],[-79.37474849134011,43.6750522962764],[-79.37515709947989,43.676003493005396]]]},"properties":{"DAUID":"35200754","DGUID":"2021S051235200754","LANDAREA":0.1907,"PRUID":"35"}},
{"type":"Feature","geometry":{"type":"Polygon","coordinates":[[[-79.3794543465269,43.67181410247898],[-79.37905089538553,43.671907988157926],[-79.37684330132694,43.67235390415083],[-79.37713219528915,43.673141292665385],[-79.37973721288269,43.673142299849296],[-79.37955559105937,43.672422307949425],[-79.3794543465269,43.67181410247898]]]},"properties":{"DAUID":"35200755","DGUID":"2021S051235200755","LANDAREA":0.0251,"PRUID":"35"}},
{"type":"Feature","geometry":{"type":"Polygon","coordinates":[[[-79.3765079872122,43.67144880102932],[-79.37886628926384,43.670933002973115],[-79.37912209831657,43.671566901243686],[-79.37914138689884,43.67177429940555],[-79.37905089538553,43.671907988157926],[-79.3794543465269,43.67181410247898],[-79.38055399434255,43.6716041945573],[-79.3798932992249,43.6699672926496],[-79.37943949115126,43.668887198567276],[-79.37921840802666,43.668912091739486],[-79.37810830120605,43.669139509598],[-79.3757751037606,43.66964660696363],[-79.3764385092337,43.67126769290582],[-79.3765079872122,43.67144880102932]]]},"properties":{"DAUID":"35200757","DGUID":"2021S051235200757","LANDAREA":0.0762,"PRUID":"35"}},
{"type":"Feature","geometry":{"type":"Polygon","coordinates":[[[-79.37143529533022,43.67188078983399],[-79.37088799972597,43.671935990292276],[-79.37068459165478,43.672003103117284],[-79.36990331641229,43.67257030305756],[-79.36881620649156,43.6733201070811],[-79.36736140123429,43.67436180840385],[-79.3677269125324,43.67469109048468],[-79.3678403172982,43.675062291304215],[-79.36781629780195,43.67539860675677],[-79.36795709314089,43.675469696580855],[-79.36879849250408,43.67534570013003],[-79.36874220227546,43.67513780829243],[-79.37133699920973,43.67459859674407],[-79.37212329734581,43.67442070657227],[-79.37307279368412,43.67417310916845],[-79.3745479058026,43.67375290866507],[-79.37502674028413,43.67362939589199],[-79.37494430878778,43.67303820215192],[-79.37489560372698,43.67236219390933],[-79.37316469316461,43.67214848866779],[-79.37143529533022,43.67188078983399]]]},"properties":{"DAUID":"35200791","DGUID":"2021S051235200791","LANDAREA":0.136,"PRUID":"35"}},
{"type":"Feature","geometry":{"type":"Polygon","coordinates":[[[-79.36306878875715,43.667079309014575],[-79.36087549028433,43.667549987538976],[-79.35975580296211,43.667920351087496],[-79.35923763793393,43.668197954699735],[-79.3587653026137,43.66854437514001],[-79.3586026450611,43.66897562323045],[-79.35797788479404,43.669261901359846],[-79.35851718481949,43.6696415820173],[-79.35923674899028,43.67002610052212],[-79.35949373087979,43.67022215731641],[-79.35966453278016,43.67046207992276],[-79.35988304806865,43.67091785343752],[-79.360066706403,43.671415697764594],[-79.3602722849337,43.671756431755206],[-79.36054853872916,43.67205069702988],[-79.36141823801758,43.67266444572831],[-79.36180655335406,43.672816726794174],[-79.36250136337092,43.6730070911638],[-79.3629182520257,43.67324693987355],[-79.3630381579003,43.67368094900795],[-79.36285861741653,43.674375156906095],[-79.36286877572299,43.67463653105982],[-79.3629981999983,43.67492208396329],[-79.36343632850888,43.67530251883045],[-79.36629620586741,43.67476069229215],[-79.36698358965951,43.67457239132636],[-79.36736140123429,43.67436180840385],[-79.36881620649156,43.6733201070811],[-79.36990331641229,43.67257030305756],[-79.37068459165478,43.672003103117284],[-79.37088799972597,43.671935990292276],[-79.37143529533022,43.67188078983399],[-79.37105610777965,43.67168629796326],[-79.37085789159241,43.67139730701931],[-79.37040021095471,43.6702543045627],[-79.36955111444834,43.66817130399067],[-79.36884071201682,43.66829629072475],[-79.3665071949285,43.66881219063082],[-79.36424800134041,43.66932910247334],[-79.3640232099235,43.669388908892735],[-79.36365160541837,43.6684562096767],[-79.36306878875715,43.667079309014575]]]},"properties":{"DAUID":"35200792","DGUID":"2021S051235200792","LANDAREA":0.5279,"PRUID":"35"}},
{"type":"Feature","geometry":{"type":"Polygon","coordinates":[[[-79.40482989180572,43.652147090050505],[-79.40398429283826,43.65176610212837],[-79.40373708487175,43.65173569664049],[-79.40225390609567,43.65202111212437],[-79.40113140712465,43.65226649876788],[-79.40177059968032,43.653878092343305],[-79.403092481198,43.653599504566934],[-79.40289541337336,43.65308350940624],[-79.4046906085,43.65272140032369],[-79.40481889128657,43.652561111178755],[-79.40482989180572,43.652147090050505]]]},"properties":{"DAUID":"35200889","DGUID":"2021S051235200889","LANDAREA":0.0406,"PRUID":"35"}},
{"type":"Feature","geometry":{"type":"Polygon","coordinates":[[[-79.39803830297124,43.65293450684796],[-79.39863200539119,43.654392392080155],[-79.4004147147315,43.65403920494687],[-79.40037619313875,43.653930208778895],[-79.40090339165349,43.653848007853284],[-79.40131068542608,43.65464428326706],[-79.40202690277165,43.654503002234854],[-79.40177059968032,43.653878092343305],[-79.40113140712465,43.65226649876788],[-79.40068231498259,43.652368302276464],[-79.39921088427025,43.65267180043674],[-79.39803830297124,43.65293450684796]]]},"properties":{"DAUID":"35200890","DGUID":"2021S051235200890","LANDAREA":0.0494,"PRUID":"35"}},
{"type":"Feature","geometry":{"type":"Polygon","coordinates":[[[-79.39882930570046,43.65489940339374],[-79.39918851055502,43.655849907485894],[-79.40233009713414,43.65522749044093],[-79.40266691107777,43.656087606701576],[-79.4033388234252,43.65595561775526],[-79.40400078952212,43.6558271058416],[-79.40366439806381,43.6549489876326],[-79.403092481198,43.653599504566934],[-79.40177059968032,43.653878092343305],[-79.40202690277165,43.654503002234854],[-79.40131068542608,43.65464428326706],[-79.40090339165349,43.653848007853284],[-79.40037619313875,43.653930208778895],[-79.4004147147315,43.65403920494687],[-79.39863200539119,43.654392392080155],[-79.39882930570046,43.65489940339374]]]},"properties":{"DAUID":"35200892","DGUID":"2021S051235200892","LANDAREA":0.0677,"PRUID":"35"}},
{"type":"Feature","geometry":{"type":"Polygon","coordinates":[[[-79.40266691107777,43.656087606701576],[-79.40233009713414,43.65522749044093],[-79.39918851055502,43.655849907485894],[-79.39930599041895,43.656094595722315],[-79.39953670667175,43.65674609184545],[-79.40266691107777,43.656087606701576]]]},"properties":{"DAUID":"35200893","DGUID":"2021S051235200893","LANDAREA":0.0265,"PRUID":"35"}},
{"type":"Feature","geometry":{"type":"Polygon","coordinates":[[[-79.4033388234252,43.65595561775526],[-79.40266691107777,43.656087606701576],[-79.39953670667175,43.65674609184545],[-79.40003821264048,43.65794168943109],[-79.40026788757356,43.65795948854544],[-79.4018319861052,43.6576425982124],[-79.40380171931675,43.65725599284687],[-79.4033388234252,43.65595561775526]]]},"properties":{"DAUID":"35200894","DGUID":"2021S051235200894","LANDAREA":0.0465,"PRUID":"35"}},
{"type":"Feature","geometry":{"type":"Polygon","coordinates":[[[-79.39882930570046,43.65489940339374],[-79.39695909686148,43.6552783989647],[-79.39745979050925,43.65650090440884],[-79.39818199481192,43.65825780494482],[-79.39961711138656,43.657977801926016],[-79.40003821264048,43.65794168943109],[-79.39953670667175,43.65674609184545],[-79.39930599041895,43.656094595722315],[-79.39918851055502,43.655849907485894],[-79.39882930570046,43.65489940339374]]]},"properties":{"DAUID":"35200895","DGUID":"2021S051235200895","LANDAREA":0.0535,"PRUID":"35"}},
{"type":"Feature","geometry":{"type":"Polygon","coordinates":[[[-79.39745979050925,43.65650090440884],[-79.39631311103004,43.656718909291065],[-79.39515331201645,43.656963808064084],[-79.39588851740889,43.65869379305876],[-79.39818199481192,43.65825780494482],[-79.39745979050925,43.65650090440884]]]},"properties":{"DAUID":"35200896","DGUID":"2021S051235200896","LANDAREA":0.039,"PRUID":"35"}},
{"type":"Feature","geometry":{"type":"Polygon","coordinates":[[[-79.39803830297124,43.65293450684796],[-79.39702581979292,43.65316117855846],[-79.39615501248763,43.653340306573504],[-79.39655090152304,43.654309194895475],[-79.39426839095923,43.65479939583992],[-79.39465210999167,43.65575920142033],[-79.39515331201645,43.656963808064084],[-79.39631311103004,43.656718909291065],[-79.39745979050925,43.65650090440884],[-79.39695909686148,43.6552783989647],[-79.39882930570046,43.65489940339374],[-79.39863200539119,43.654392392080155],[-79.39803830297124,43.65293450684796]]]},"properties":{"DAUID":"35200897","DGUID":"2021S051235200897","LANDAREA":0.0843,"PRUID":"35"}},
{"type":"Feature","geometry":{"type":"Polygon","coordinates":[[[-79.39228259360763,43.65625709408401],[-79.39350470395947,43.65600419836723],[-79.39398099351769,43.65720839830739],[-79.39515331201645,43.656963808064084],[-79.39465210999167,43.65575920142033],[-79.39426839095923,43.65479939583992],[-79.391873895545,43.6553060048192],[-79.39205909140323,43.6558037971024],[-79.39228259360763,43.65625709408401]]]},"properties":{"DAUID":"35200898","DGUID":"2021S051235200898","LANDAREA":0.0359,"PRUID":"35"}},
{"type":"Feature","geometry":{"type":"Polygon","coordinates":[[[-79.39615501248763,43.653340306573504],[-79.39384831498681,43.653812101475424],[-79.39145361714193,43.65432759470961],[-79.3906438004902,43.654469292742846],[-79.39037030395387,43.65449250201743],[-79.39098650968381,43.656031806851594],[-79.39205909140323,43.6558037971024],[-79.391873895545,43.6553060048192],[-79.39426839095923,43.65479939583992],[-79.39655090152304,43.654309194895475],[-79.39615501248763,43.653340306573504]]]},"properties":{"DAUID":"35200899","DGUID":"2021S051235200899","LANDAREA":0.0605,"PRUID":"35"}},
{"type":"Feature","geometry":{"type":"Polygon","coordinates":[[[-79.39037030395387,43.65449250201743],[-79.38999800319668,43.65450519284277],[-79.38921218589904,43.654674200023905],[-79.39098650968381,43.656031806851594],[-79.39037030395387,43.65449250201743]]]},"properties":{"DAUID":"35200900","DGUID":"2021S051235200900","LANDAREA":0.0088,"PRUID":"35"}},
{"type":"Feature","geometry":{"type":"Polygon","coordinates":[[[-79.38921218589904,43.654674200023905],[-79.38872289297491,43.65479510959866],[-79.38851420622319,43.65480849103622],[-79.38878290083436,43.655424503853595],[-79.389657486945,43.65749869146456],[-79.39013501175077,43.65865790232205],[-79.39034668644032,43.65862490075696],[-79.39139510647013,43.658378604859365],[-79.39045009372443,43.65615030772556],[-79.39098650968381,43.656031806851594],[-79.38921218589904,43.654674200023905]]]},"properties":{"DAUID":"35200901","DGUID":"2021S051235200901","LANDAREA":0.0467,"PRUID":"35"}},
{"type":"Feature","geometry":{"type":"Polygon","coordinates":[[[-79.39098650968381,43.656031806851594],[-79.39045009372443,43.65615030772556],[-79.39139510647013,43.658378604859365],[-79.39034668644032,43.65862490075696],[-79.39013501175077,43.65865790232205],[-79.39062488508945,43.65981730784763],[-79.39346928153839,43.65919110322828],[-79.39302891093803,43.6580323897515],[-79.39228259360763,43.65625709408401],[-79.39205909140323,43.6558037971024],[-79.39098650968381,43.656031806851594]]]},"properties":{"DAUID":"35200902","DGUID":"2021S051235200902","LANDAREA":0.0681,"PRUID":"35"}},
{"type":"Feature","geometry":{"type":"Polygon","coordinates":[[[-79.39228259360763,43.65625709408401],[-79.39302891093803,43.6580323897515],[-79.39346928153839,43.65919110322828],[-79.39588851740889,43.65869379305876],[-79.39515331201645,43.656963808064084],[-79.39398099351769,43.65720839830739],[-79.39350470395947,43.65600419836723],[-79.39228259360763,43.65625709408401]]]},"properties":{"DAUID":"35200903","DGUID":"2021S051235200903","LANDAREA":0.0543,"PRUID":"35"}},
{"type":"Feature","geometry":{"type":"Polygon","coordinates":[[[-79.40003821264048,43.65794168943109],[-79.40052829982567,43.65910100599569],[-79.40102469219578,43.65908989592255],[-79.40147721160368,43.65933039473576],[-79.4016094990854,43.65948528926506],[-79.4015879963075,43.65982711107113],[-79.40148310093988,43.660041795391095],[-79.40101578967626,43.660359401091085],[-79.40140030011246,43.661292103984266],[-79.40209781392971,43.66304869923351],[-79.40385599036426,43.662695098385214],[-79.40314651558482,43.66092039641116],[-79.4026331971238,43.65969769340541],[-79.4018319861052,43.6576425982124],[-79.40026788757356,43.65795948854544],[-79.40003821264048,43.65794168943109]]]},"properties":{"DAUID":"35200905","DGUID":"2021S051235200905","LANDAREA":0.078,"PRUID":"35"}},
{"type":"Feature","geometry":{"type":"Polygon","coordinates":[[[-79.40380171931675,43.65725599284687],[-79.4018319861052,43.6576425982124],[-79.4026331971238,43.65969769340541],[-79.40314651558482,43.66092039641116],[-79.40385599036426,43.662695098385214],[-79.40481661233274,43.6624833924355],[-79.40414229026227,43.660781197831554],[-79.40532679217314,43.66054569228578],[-79.40463901209542,43.658888397090145],[-79.4040633966353,43.65720559184138],[-79.40380171931675,43.65725599284687]]]},"properties":{"DAUID":"35200906","DGUID":"2021S051235200906","LANDAREA":0.0862,"PRUID":"35"}},
{"type":"Feature","geometry":{"type":"Polygon","coordinates":[[[-79.40652340800375,43.66031921358159],[-79.40532679217314,43.66054569228578],[-79.40414229026227,43.660781197831554],[-79.40481661233274,43.6624833924355],[-79.40602560615199,43.66225710710147],[-79.40721028702286,43.662012508515424],[-79.40652340800375,43.66031921358159]]]},"properties":{"DAUID":"35200907","DGUID":"2021S051235200907","LANDAREA":0.0394,"PRUID":"35"}},
{"type":"Feature","geometry":{"type":"Polygon","coordinates":[[[-79.40582139667569,43.65685199604543],[-79.4040633966353,43.65720559184138],[-79.40463901209542,43.658888397090145],[-79.40532679217314,43.66054569228578],[-79.40652340800375,43.66031921358159],[-79.40586031155728,43.658662291890955],[-79.406496106507,43.65853610216394],[-79.40582139667569,43.65685199604543]]]},"properties":{"DAUID":"35200908","DGUID":"2021S051235200908","LANDAREA":0.0487,"PRUID":"35"}},
{"type":"Feature","geometry":{"type":"Polygon","coordinates":[[[-79.40769330968403,43.65640990463329],[-79.40685819067919,43.65656930224775],[-79.40666918202687,43.65668370607875],[-79.40582139667569,43.65685199604543],[-79.406496106507,43.65853610216394],[-79.40586031155728,43.658662291890955],[-79.40652340800375,43.66031921358159],[-79.40704758281603,43.66019150056748],[-79.4078451113004,43.66004950790884],[-79.40907958857201,43.65979660804227],[-79.40769330968403,43.65640990463329]]]},"properties":{"DAUID":"35200909","DGUID":"2021S051235200909","LANDAREA":0.0723,"PRUID":"35"}},
{"type":"Feature","geometry":{"type":"Polygon","coordinates":[[[-79.40895080267542,43.656220291144],[-79.40866401274718,43.6562792976816],[-79.4084538081225,43.656258411618666],[-79.40769330968403,43.65640990463329],[-79.40907958857201,43.65979660804227],[-79.41027671152467,43.65955221299055],[-79.40895080267542,43.656220291144]]]},"properties":{"DAUID":"35200910","DGUID":"2021S051235200910","LANDAREA":0.0397,"PRUID":"35"}},
{"type":"Feature","geometry":{"type":"Polygon","coordinates":[[[-79.40895080267542,43.656220291144],[-79.41027671152467,43.65955221299055],[-79.41149821190757,43.65931699709944],[-79.4101479971731,43.65596678724516],[-79.40895080267542,43.656220291144]]]},"properties":{"DAUID":"35200911","DGUID":"2021S051235200911","LANDAREA":0.0393,"PRUID":"35"}},
{"type":"Feature","geometry":{"type":"Polygon","coordinates":[[[-79.4101479971731,43.65596678724516],[-79.41149821190757,43.65931699709944],[-79.41273270397933,43.65906410569303],[-79.41216319771871,43.657615497100736],[-79.41139510332067,43.655707709833536],[-79.4101479971731,43.65596678724516]]]},"properties":{"DAUID":"35200912","DGUID":"2021S051235200912","LANDAREA":0.0404,"PRUID":"35"}},
{"type":"Feature","geometry":{"type":"Polygon","coordinates":[[[-79.41139510332067,43.655707709833536],[-79.41216319771871,43.657615497100736],[-79.41273270397933,43.65906410569303],[-79.41341980547156,43.66075729230208],[-79.41465380974917,43.66052239561669],[-79.41389779963689,43.658678490909004],[-79.41343148694952,43.65748908707502],[-79.41260461587923,43.65545170169498],[-79.41139510332067,43.655707709833536]]]},"properties":{"DAUID":"35200913","DGUID":"2021S051235200913","LANDAREA":0.0599,"PRUID":"35"}},
{"type":"Feature","geometry":{"type":"Polygon","coordinates":[[[-79.41260461587923,43.65545170169498],[-79.41343148694952,43.65748908707502],[-79.41389779963689,43.658678490909004],[-79.41465380974917,43.66052239561669],[-79.41583839367534,43.66027770706972],[-79.41692841379833,43.66004509295341],[-79.41638900013128,43.658637999595065],[-79.41631711435392,43.658582599372515],[-79.41526929755534,43.65881119005332],[-79.41386360423867,43.65520810193357],[-79.41260461587923,43.65545170169498]]]},"properties":{"DAUID":"35200914","DGUID":"2021S051235200914","LANDAREA":0.0757,"PRUID":"35"}},
{"type":"Feature","geometry":{"type":"Polygon","coordinates":[[[-79.41386360423867,43.65520810193357],[-79.41526929755534,43.65881119005332],[-79.41631711435392,43.658582599372515],[-79.41638900013128,43.658637999595065],[-79.41692841379833,43.66004509295341],[-79.41749698928876,43.65993149511981],[-79.41693979663138,43.65848319667685],[-79.4169588004135,43.65823131277945],[-79.41585278670301,43.65548779821755],[-79.41569041595524,43.65506239025],[-79.41559431781324,43.654943989876514],[-79.41504809668784,43.65496341067632],[-79.41386360423867,43.65520810193357]]]},"properties":{"DAUID":"35200915","DGUID":"2021S051235200915","LANDAREA":0.0688,"PRUID":"35"}},
{"type":"Feature","geometry":{"type":"Polygon","coordinates":[[[-79.41559431781324,43.654943989876514],[-79.41569041595524,43.65506239025],[-79.41585278670301,43.65548779821755],[-79.4169588004135,43.65823131277945],[-79.41693979663138,43.65848319667685],[-79.41749698928876,43.65993149511981],[-79.419566592138,43.65951890181042],[-79.41897278548137,43.658043088669885],[-79.41897399620882,43.65799810909366],[-79.4184339165275,43.65811269003723],[-79.4182196027015,43.65810360119687],[-79.41812610445766,43.657959494077325],[-79.4170669969051,43.655164192882026],[-79.41671831512782,43.655112590017595],[-79.41559431781324,43.654943989876514]]]},"properties":{"DAUID":"35200916","DGUID":"2021S051235200916","LANDAREA":0.0679,"PRUID":"35"}},
{"type":"Feature","geometry":{"type":"Polygon","coordinates":[[[-79.4170669969051,43.655164192882026],[-79.41812610445766,43.657959494077325],[-79.4182196027015,43.65810360119687],[-79.4184339165275,43.65811269003723],[-79.41897399620882,43.65799810909366],[-79.41930910194624,43.65751649887628],[-79.41916269876945,43.65742449790481],[-79.41878000558616,43.65641069759369],[-79.4183146029544,43.65524280111188],[-79.41789319230992,43.65523689472131],[-79.4170669969051,43.655164192882026]]]},"properties":{"DAUID":"35200917","DGUID":"2021S051235200917","LANDAREA":0.0308,"PRUID":"35"}},
{"type":"Feature","geometry":{"type":"Polygon","coordinates":[[[-79.41897399620882,43.65799810909366],[-79.41897278548137,43.658043088669885],[-79.419566592138,43.65951890181042],[-79.42066438491909,43.65927300579314],[-79.42023449431709,43.65816858643882],[-79.41985350201877,43.65709188782616],[-79.41968231556123,43.65699949519353],[-79.41930910194624,43.65751649887628],[-79.41897399620882,43.65799810909366]]]},"properties":{"DAUID":"35200918","DGUID":"2021S051235200918","LANDAREA":0.0211,"PRUID":"35"}},
{"type":"Feature","geometry":{"type":"Polygon","coordinates":[[[-79.41968231556123,43.65699949519353],[-79.41985350201877,43.65709188782616],[-79.42023449431709,43.65816858643882],[-79.42066438491909,43.65927300579314],[-79.42187380481259,43.65902859501045],[-79.42308289469983,43.658793209184694],[-79.42430489662125,43.658539905324346],[-79.42374729164754,43.65710058792813],[-79.42251390412544,43.65731770857158],[-79.42214138497079,43.656385209125474],[-79.42094469733004,43.656620691742944],[-79.41990938705769,43.65684948755359],[-79.41968231556123,43.65699949519353]]]},"properties":{"DAUID":"35200920","DGUID":"2021S051235200920","LANDAREA":0.0731,"PRUID":"35"}},
{"type":"Feature","geometry":{"type":"Polygon","coordinates":[[[-79.42094469733004,43.656620691742944],[-79.42214138497079,43.656385209125474],[-79.42251390412544,43.65731770857158],[-79.42374729164754,43.65710058792813],[-79.42308520813324,43.655389708787155],[-79.42268961020883,43.654393900606564],[-79.42025818556196,43.65490050455315],[-79.42094469733004,43.656620691742944]]]},"properties":{"DAUID":"35200921","DGUID":"2021S051235200921","LANDAREA":0.052,"PRUID":"35"}},
{"type":"Feature","geometry":{"type":"Polygon","coordinates":[[[-79.42627288475411,43.66983260838634],[-79.42612090184399,43.669831409453494],[-79.42415448935573,43.67023790878705],[-79.42378729525961,43.670264806876034],[-79.42353881599286,43.6702793924772],[-79.42121879901516,43.67076959340001],[-79.42153158299553,43.671611305371805],[-79.42183018149136,43.67236952142279],[-79.4219727436152,43.67236289486561],[-79.42679835081265,43.67143867459577],[-79.42694185500285,43.67139252397453],[-79.42627288475411,43.66983260838634]]]},"properties":{"DAUID":"35200985","DGUID":"2021S051235200985","LANDAREA":0.0793,"PRUID":"35"}},
{"type":"Feature","geometry":{"type":"Polygon","coordinates":[[[-79.42378729525961,43.670264806876034],[-79.42348539122881,43.66947730857553],[-79.42314460699163,43.66875230966449],[-79.4206259840818,43.669248802222874],[-79.42121879901516,43.67076959340001],[-79.42353881599286,43.6702793924772],[-79.42378729525961,43.670264806876034]]]},"properties":{"DAUID":"35200986","DGUID":"2021S051235200986","LANDAREA":0.0371,"PRUID":"35"}},
{"type":"Feature","geometry":{"type":"Polygon","coordinates":[[[-79.4206259840818,43.669248802222874],[-79.42314460699163,43.66875230966449],[-79.42348539122881,43.66947730857553],[-79.42378729525961,43.670264806876034],[-79.42415448935573,43.67023790878705],[-79.42612090184399,43.669831409453494],[-79.42627288475411,43.66983260838634],[-79.4260123079324,43.66913400774557],[-79.42591739893771,43.66897060872966],[-79.42571751730188,43.668439599912595],[-79.42542811150392,43.66775740899454],[-79.42525321481435,43.667331797691375],[-79.42464028616382,43.667449806424685],[-79.42078890911361,43.66824259067787],[-79.420277906517,43.668334612749284],[-79.4206259840818,43.669248802222874]]]},"properties":{"DAUID":"35200987","DGUID":"2021S051235200987","LANDAREA":0.0814,"PRUID":"35"}},
{"type":"Feature","geometry":{"type":"Polygon","coordinates":[[[-79.41961718331636,43.66656969889293],[-79.41839549820234,43.66680490339296],[-79.41901248374718,43.668344108788794],[-79.41973160184159,43.67024479880232],[-79.42033461313041,43.671846890583595],[-79.42153158299553,43.671611305371805],[-79.42121879901516,43.67076959340001],[-79.4206259840818,43.669248802222874],[-79.420277906517,43.668334612749284],[-79.41961718331636,43.66656969889293]]]},"properties":{"DAUID":"35200988","DGUID":"2021S051235200988","LANDAREA":0.058,"PRUID":"35"}},
{"type":"Feature","geometry":{"type":"Polygon","coordinates":[[[-79.41961718331636,43.66656969889293],[-79.420277906517,43.668334612749284],[-79.42078890911361,43.66824259067787],[-79.42464028616382,43.667449806424685],[-79.42525321481435,43.667331797691375],[-79.42514920864333,43.66704219703345],[-79.42485590663183,43.66639889250689],[-79.42464468556273,43.66641399892752],[-79.42243690980732,43.66688780224524],[-79.422003795245,43.66590039848308],[-79.42135201629408,43.666161492557315],[-79.41961718331636,43.66656969889293]]]},"properties":{"DAUID":"35200989","DGUID":"2021S051235200989","LANDAREA":0.0664,"PRUID":"35"}},
{"type":"Feature","geometry":{"type":"Polygon","coordinates":[[[-79.42652890970543,43.6640808911255],[-79.42530630905794,43.664352212454],[-79.42493271320271,43.664410107316684],[-79.42414639027248,43.664597287606405],[-79.42444860441127,43.665375801988084],[-79.42325170928173,43.66561140523194],[-79.422003795245,43.66590039848308],[-79.42243690980732,43.66688780224524],[-79.42464468556273,43.66641399892752],[-79.42485590663183,43.66639889250689],[-79.427288503672,43.665865190073376],[-79.42652890970543,43.6640808911255]]]},"properties":{"DAUID":"35200990","DGUID":"2021S051235200990","LANDAREA":0.0661,"PRUID":"35"}},
{"type":"Feature","geometry":{"type":"Polygon","coordinates":[[[-79.427288503672,43.665865190073376],[-79.42485590663183,43.66639889250689],[-79.42514920864333,43.66704219703345],[-79.42525321481435,43.667331797691375],[-79.42542811150392,43.66775740899454],[-79.42784860020883,43.667214410879524],[-79.427288503672,43.665865190073376]]]},"properties":{"DAUID":"35200991","DGUID":"2021S051235200991","LANDAREA":0.0321,"PRUID":"35"}},
{"type":"Feature","geometry":{"type":"Polygon","coordinates":[[[-79.42542811150392,43.66775740899454],[-79.42571751730188,43.668439599912595],[-79.42591739893771,43.66897060872966],[-79.4260123079324,43.66913400774557],[-79.42842000422458,43.66860890270765],[-79.4281438043846,43.667947311440834],[-79.42784860020883,43.667214410879524],[-79.42542811150392,43.66775740899454]]]},"properties":{"DAUID":"35200992","DGUID":"2021S051235200992","LANDAREA":0.0328,"PRUID":"35"}},
{"type":"Feature","geometry":{"type":"Polygon","coordinates":[[[-79.4260123079324,43.66913400774557],[-79.42627288475411,43.66983260838634],[-79.42694185500285,43.67139252397453],[-79.42707133422991,43.67138638905186],[-79.42887906063574,43.67104009540993],[-79.42937009635615,43.67091901372516],[-79.42900329351926,43.67002148695786],[-79.42842000422458,43.66860890270765],[-79.4260123079324,43.66913400774557]]]},"properties":{"DAUID":"35200994","DGUID":"2021S051235200994","LANDAREA":0.0545,"PRUID":"35"}},
{"type":"Feature","geometry":{"type":"Polygon","coordinates":[[[-79.42325861295649,43.66250520672158],[-79.42353988540815,43.66313039805616],[-79.42430059690771,43.662969799958375],[-79.42493271320271,43.664410107316684],[-79.42530630905794,43.664352212454],[-79.42652890970543,43.6640808911255],[-79.42608550633535,43.66301239076923],[-79.4256536018022,43.66197999879986],[-79.42441889410176,43.662242107397226],[-79.42325861295649,43.66250520672158]]]},"properties":{"DAUID":"35201017","DGUID":"2021S051235201017","LANDAREA":0.0379,"PRUID":"35"}},
{"type":"Feature","geometry":{"type":"Polygon","coordinates":[[[-79.42308289469983,43.658793209184694],[-79.42441889410176,43.662242107397226],[-79.4256536018022,43.66197999879986],[-79.4247813884371,43.65976201076701],[-79.42430489662125,43.658539905324346],[-79.42308289469983,43.658793209184694]]]},"properties":{"DAUID":"35201018","DGUID":"2021S051235201018","LANDAREA":0.0408,"PRUID":"35"}},
{"type":"Feature","geometry":{"type":"Polygon","coordinates":[[[-79.42187380481259,43.65902859501045],[-79.42259461587165,43.66086629922395],[-79.42325861295649,43.66250520672158],[-79.42441889410176,43.662242107397226],[-79.42308289469983,43.658793209184694],[-79.42187380481259,43.65902859501045]]]},"properties":{"DAUID":"35201019","DGUID":"2021S051235201019","LANDAREA":0.04,"PRUID":"35"}},
{"type":"Feature","geometry":{"type":"Polygon","coordinates":[[[-79.42066438491909,43.65927300579314],[-79.42132620488,43.660992912996576],[-79.42204868444892,43.66276760045858],[-79.42325861295649,43.66250520672158],[-79.42259461587165,43.66086629922395],[-79.42187380481259,43.65902859501045],[-79.42066438491909,43.65927300579314]]]},"properties":{"DAUID":"35201020","DGUID":"2021S051235201020","LANDAREA":0.0411,"PRUID":"35"}},
{"type":"Feature","geometry":{"type":"Polygon","coordinates":[[[-79.41692841379833,43.66004509295341],[-79.41583839367534,43.66027770706972],[-79.41675680544903,43.66261339115771],[-79.41698849839348,43.66323790516775],[-79.41719909519544,43.66371800390821],[-79.41720861661024,43.66382619592234],[-79.41840568546309,43.66358159156464],[-79.41885539596475,43.6634618006745],[-79.41823869055759,43.661913599357334],[-79.41749698928876,43.65993149511981],[-79.41692841379833,43.66004509295341]]]},"properties":{"DAUID":"35201023","DGUID":"2021S051235201023","LANDAREA":0.0563,"PRUID":"35"}},
{"type":"Feature","geometry":{"type":"Polygon","coordinates":[[[-79.41583839367534,43.66027770706972],[-79.41465380974917,43.66052239561669],[-79.41341980547156,43.66075729230208],[-79.41388509249717,43.66192529060879],[-79.41437548829671,43.66308459172405],[-79.41481749476978,43.66419819648378],[-79.41485121419747,43.66433370554248],[-79.41597411679471,43.6640791955589],[-79.41720861661024,43.66382619592234],[-79.41719909519544,43.66371800390821],[-79.41698849839348,43.66323790516775],[-79.41675680544903,43.66261339115771],[-79.41583839367534,43.66027770706972]]]},"properties":{"DAUID":"35201024","DGUID":"2021S051235201024","LANDAREA":0.0823,"PRUID":"35"}},
{"type":"Feature","geometry":{"type":"Polygon","coordinates":[[[-79.41388509249717,43.66192529060879],[-79.41265108775528,43.66216028636373],[-79.41080390929277,43.66255801067183],[-79.41024429123495,43.66265809313585],[-79.41070958466648,43.66382600088279],[-79.41119659877768,43.66511131074507],[-79.412430703528,43.66487641086468],[-79.41364068753906,43.66461408822035],[-79.41485121419747,43.66433370554248],[-79.41481749476978,43.66419819648378],[-79.41437548829671,43.66308459172405],[-79.41388509249717,43.66192529060879]]]},"properties":{"DAUID":"35201025","DGUID":"2021S051235201025","LANDAREA":0.0867,"PRUID":"35"}},
{"type":"Feature","geometry":{"type":"Polygon","coordinates":[[[-79.41341980547156,43.66075729230208],[-79.4122100984629,43.66101069865883],[-79.41096349867061,43.66125440020412],[-79.40975378535195,43.66150769937255],[-79.41024429123495,43.66265809313585],[-79.41080390929277,43.66255801067183],[-79.41265108775528,43.66216028636373],[-79.41388509249717,43.66192529060879],[-79.41341980547156,43.66075729230208]]]},"properties":{"DAUID":"35201026","DGUID":"2021S051235201026","LANDAREA":0.0411,"PRUID":"35"}},
{"type":"Feature","geometry":{"type":"Polygon","coordinates":[[[-79.41273270397933,43.65906410569303],[-79.41149821190757,43.65931699709944],[-79.41027671152467,43.65955221299055],[-79.40907958857201,43.65979660804227],[-79.40975378535195,43.66150769937255],[-79.41096349867061,43.66125440020412],[-79.4122100984629,43.66101069865883],[-79.41341980547156,43.66075729230208],[-79.41273270397933,43.65906410569303]]]},"properties":{"DAUID":"35201027","DGUID":"2021S051235201027","LANDAREA":0.0604,"PRUID":"35"}},
{"type":"Feature","geometry":{"type":"Polygon","coordinates":[[[-79.40907958857201,43.65979660804227],[-79.4078451113004,43.66004950790884],[-79.40704758281603,43.66019150056748],[-79.40652340800375,43.66031921358159],[-79.40721028702286,43.662012508515424],[-79.40769690379831,43.66190228855873],[-79.40853189779023,43.661751806863215],[-79.40975378535195,43.66150769937255],[-79.40907958857201,43.65979660804227]]]},"properties":{"DAUID":"35201028","DGUID":"2021S051235201028","LANDAREA":0.042,"PRUID":"35"}},
{"type":"Feature","geometry":{"type":"Polygon","coordinates":[[[-79.40975378535195,43.66150769937255],[-79.40853189779023,43.661751806863215],[-79.40769690379831,43.66190228855873],[-79.40721028702286,43.662012508515424],[-79.40783748755642,43.66362399539449],[-79.40663989682382,43.663886410235456],[-79.40548058862348,43.66410430544842],[-79.40625719077087,43.66615899623469],[-79.4066563910635,43.66607460497123],[-79.40866401493608,43.66567040089776],[-79.40998631542907,43.66538259750407],[-79.41119659877768,43.66511131074507],[-79.41070958466648,43.66382600088279],[-79.41024429123495,43.66265809313585],[-79.40975378535195,43.66150769937255]]]},"properties":{"DAUID":"35201029","DGUID":"2021S051235201029","LANDAREA":0.1374,"PRUID":"35"}},
{"type":"Feature","geometry":{"type":"Polygon","coordinates":[[[-79.40721028702286,43.662012508515424],[-79.40602560615199,43.66225710710147],[-79.40481661233274,43.6624833924355],[-79.40385599036426,43.662695098385214],[-79.40448400043564,43.664270498136545],[-79.40548058862348,43.66410430544842],[-79.40663989682382,43.663886410235456],[-79.40783748755642,43.66362399539449],[-79.40721028702286,43.662012508515424]]]},"properties":{"DAUID":"35201030","DGUID":"2021S051235201030","LANDAREA":0.0523,"PRUID":"35"}},
{"type":"Feature","geometry":{"type":"Polygon","coordinates":[[[-79.40548058862348,43.66410430544842],[-79.40448400043564,43.664270498136545],[-79.40272508976344,43.66465110075882],[-79.40258799854139,43.6646761959823],[-79.40294971460321,43.665536600677214],[-79.40335430054249,43.66618159176173],[-79.4036005926941,43.666248004132676],[-79.40386290705851,43.666647907249676],[-79.40534669009934,43.6663534026916],[-79.40625719077087,43.66615899623469],[-79.40548058862348,43.66410430544842]]]},"properties":{"DAUID":"35201031","DGUID":"2021S051235201031","LANDAREA":0.0549,"PRUID":"35"}},
{"type":"Feature","geometry":{"type":"Polygon","coordinates":[[[-79.40385599036426,43.662695098385214],[-79.40209781392971,43.66304869923351],[-79.40242401417794,43.66384559182655],[-79.40272508976344,43.66465110075882],[-79.40448400043564,43.664270498136545],[-79.40385599036426,43.662695098385214]]]},"properties":{"DAUID":"35201032","DGUID":"2021S051235201032","LANDAREA":0.027,"PRUID":"35"}},
{"type":"Feature","geometry":{"type":"Polygon","coordinates":[[[-79.40534669009934,43.6663534026916],[-79.40386290705851,43.666647907249676],[-79.40476131096118,43.66895499211718],[-79.40582159343205,43.66874270917387],[-79.4060805958572,43.66861459362668],[-79.40620889104403,43.66845438852627],[-79.40639090633258,43.668401991098975],[-79.40590369539088,43.66780179101051],[-79.40585930749646,43.667603091953744],[-79.40587000883315,43.667198111471606],[-79.4058027813587,43.66692700376402],[-79.40567281126388,43.66668210803944],[-79.40534669009934,43.6663534026916]]]},"properties":{"DAUID":"35201033","DGUID":"2021S051235201033","LANDAREA":0.0353,"PRUID":"35"}},
{"type":"Feature","geometry":{"type":"Polygon","coordinates":[[[-79.40386290705851,43.666647907249676],[-79.4015298875274,43.66715549727982],[-79.40191431318061,43.66809729500244],[-79.40200578796906,43.668386701189675],[-79.40241159557935,43.669454794158526],[-79.40359649375016,43.6692101865863],[-79.40476131096118,43.66895499211718],[-79.40386290705851,43.666647907249676]]]},"properties":{"DAUID":"35201034","DGUID":"2021S051235201034","LANDAREA":0.0523,"PRUID":"35"}},
{"type":"Feature","geometry":{"type":"Polygon","coordinates":[[[-79.40075249432034,43.66980968943846],[-79.40241159557935,43.669454794158526],[-79.40200578796906,43.668386701189675],[-79.40191431318061,43.66809729500244],[-79.4015298875274,43.66715549727982],[-79.39982128432992,43.66750970312532],[-79.39736411899035,43.66802449472627],[-79.39790260777467,43.66922961371155],[-79.40030971024026,43.6687321055607],[-79.40075249432034,43.66980968943846]]]},"properties":{"DAUID":"35201035","DGUID":"2021S051235201035","LANDAREA":0.0665,"PRUID":"35"}},
{"type":"Feature","geometry":{"type":"Polygon","coordinates":[[[-79.39790260777467,43.66922961371155],[-79.39829848660786,43.67019859410644],[-79.3983077851504,43.670315700266876],[-79.39944259087963,43.67008849761743],[-79.40075249432034,43.66980968943846],[-79.40030971024026,43.6687321055607],[-79.39790260777467,43.66922961371155]]]},"properties":{"DAUID":"35201038","DGUID":"2021S051235201038","LANDAREA":0.0253,"PRUID":"35"}},
{"type":"Feature","geometry":{"type":"Polygon","coordinates":[[[-79.39736411899035,43.66802449472627],[-79.39546974912462,43.668417102573706],[-79.39413300713485,43.668717508368616],[-79.39480828324764,43.67037470642313],[-79.39572758867735,43.67264759092587],[-79.3988585084626,43.67199819330916],[-79.39853141024525,43.671237299509286],[-79.39826409087195,43.67055818891702],[-79.3983077851504,43.670315700266876],[-79.39829848660786,43.67019859410644],[-79.39790260777467,43.66922961371155],[-79.39736411899035,43.66802449472627]]]},"properties":{"DAUID":"35201039","DGUID":"2021S051235201039","LANDAREA":0.1231,"PRUID":"35"}},
{"type":"Feature","geometry":{"type":"Polygon","coordinates":[[[-79.3983077851504,43.670315700266876],[-79.39826409087195,43.67055818891702],[-79.39853141024525,43.671237299509286],[-79.3988585084626,43.67199819330916],[-79.39572758867735,43.67264759092587],[-79.39628710953211,43.673996993706666],[-79.39785869988032,43.67367689745713],[-79.39939320553889,43.67334720787636],[-79.39965461329511,43.67331491440493],[-79.40018660263857,43.67336738865274],[-79.40072268576724,43.673266793552365],[-79.40019930313204,43.67195390773309],[-79.39944259087963,43.67008849761743],[-79.3983077851504,43.670315700266876]]]},"properties":{"DAUID":"35201040","DGUID":"2021S051235201040","LANDAREA":0.079,"PRUID":"35"}},
{"type":"Feature","geometry":{"type":"Polygon","coordinates":[[[-79.39307420807269,43.67074648957178],[-79.39336299825028,43.67154290455534],[-79.39437718478297,43.67397919509168],[-79.39481941815743,43.67507489569059],[-79.39659040296988,43.674721605138856],[-79.39628710953211,43.673996993706666],[-79.39572758867735,43.67264759092587],[-79.39480828324764,43.67037470642313],[-79.39307420807269,43.67074648957178]]]},"properties":{"DAUID":"35201041","DGUID":"2021S051235201041","LANDAREA":0.0741,"PRUID":"35"}},
{"type":"Feature","geometry":{"type":"Polygon","coordinates":[[[-79.39939320553889,43.67334720787636],[-79.39983739473416,43.67437089937435],[-79.39989648826588,43.674947988342886],[-79.40046868759121,43.676288586158705],[-79.40054099982035,43.67637058720678],[-79.39970130070459,43.67669199820152],[-79.3991883118996,43.67685590694801],[-79.39761618802284,43.67719399284135],[-79.39775450025294,43.67759208806255],[-79.3979394714811,43.67804437363235],[-79.39843945406022,43.67781448801919],[-79.3994649366129,43.67739328315507],[-79.40027673866273,43.6770980863862],[-79.40218832913745,43.67653508882626],[-79.40287806459123,43.67636455111502],[-79.40733279534015,43.6754383457294],[-79.40710641171496,43.67485059472706],[-79.40597080866677,43.675104909504185],[-79.40477349715822,43.67534929848444],[-79.40358869418635,43.67558490212197],[-79.40326419887167,43.674724994818824],[-79.40272618441377,43.67489749824996],[-79.40238989751357,43.674946790422815],[-79.40224281375333,43.67488179529641],[-79.40177400424878,43.67431700135039],[-79.40134999300074,43.67393289906141],[-79.40123100844764,43.67374210360205],[-79.40102171319725,43.6732170047059],[-79.40072268576724,43.673266793552365],[-79.40018660263857,43.67336738865274],[-79.39965461329511,43.67331491440493],[-79.39939320553889,43.67334720787636]]]},"properties":{"DAUID":"35201044","DGUID":"2021S051235201044","LANDAREA":0.1151,"PRUID":"35"}},
{"type":"Feature","geometry":{"type":"Polygon","coordinates":[[[-79.40102171319725,43.6732170047059],[-79.40123100844764,43.67374210360205],[-79.40134999300074,43.67393289906141],[-79.40177400424878,43.67431700135039],[-79.40224281375333,43.67488179529641],[-79.40238989751357,43.674946790422815],[-79.40272618441377,43.67489749824996],[-79.40326419887167,43.674724994818824],[-79.40312561457864,43.674335891724596],[-79.40282778792124,43.67387249068041],[-79.40213181210419,43.67298939545392],[-79.40102171319725,43.6732170047059]]]},"properties":{"DAUID":"35201045","DGUID":"2021S051235201045","LANDAREA":0.0213,"PRUID":"35"}},
{"type":"Feature","geometry":{"type":"Polygon","coordinates":[[[-79.40213181210419,43.67298939545392],[-79.40282778792124,43.67387249068041],[-79.40312561457864,43.674335891724596],[-79.40326419887167,43.674724994818824],[-79.40358869418635,43.67558490212197],[-79.40477349715822,43.67534929848444],[-79.40369109687344,43.67266000973624],[-79.40213181210419,43.67298939545392]]]},"properties":{"DAUID":"35201046","DGUID":"2021S051235201046","LANDAREA":0.0327,"PRUID":"35"}},
{"type":"Feature","geometry":{"type":"Polygon","coordinates":[[[-79.40487600292039,43.67241549929772],[-79.40369109687344,43.67266000973624],[-79.40477349715822,43.67534929848444],[-79.40597080866677,43.675104909504185],[-79.40710641171496,43.67485059472706],[-79.4060358857472,43.672179504991526],[-79.40487600292039,43.67241549929772]]]},"properties":{"DAUID":"35201047","DGUID":"2021S051235201047","LANDAREA":0.061,"PRUID":"35"}},
{"type":"Feature","geometry":{"type":"Polygon","coordinates":[[[-79.40718360706303,43.67193439845201],[-79.4060358857472,43.672179504991526],[-79.40710641171496,43.67485059472706],[-79.40879049225046,43.67449589728793],[-79.40933319273431,43.67425540152164],[-79.40844881722433,43.67193409033252],[-79.40834319349528,43.67170749969826],[-79.40718360706303,43.67193439845201]]]},"properties":{"DAUID":"35201048","DGUID":"2021S051235201048","LANDAREA":0.0592,"PRUID":"35"}},
{"type":"Feature","geometry":{"type":"Polygon","coordinates":[[[-79.40941911561197,43.670894105110946],[-79.40923138489535,43.67095449364366],[-79.40814638612783,43.6711735054856],[-79.40834319349528,43.67170749969826],[-79.40844881722433,43.67193409033252],[-79.40933319273431,43.67425540152164],[-79.40879049225046,43.67449589728793],[-79.40710641171496,43.67485059472706],[-79.40733279534015,43.6754383457294],[-79.41217728009464,43.67443350224259],[-79.41182629516096,43.67368278657357],[-79.41127820829256,43.672360591258844],[-79.41060371432727,43.67065849704906],[-79.40941911561197,43.670894105110946]]]},"properties":{"DAUID":"35201049","DGUID":"2021S051235201049","LANDAREA":0.1048,"PRUID":"35"}},
{"type":"Feature","geometry":{"type":"Polygon","coordinates":[[[-79.40814638612783,43.6711735054856],[-79.40762271287598,43.66986969928113],[-79.40754930481042,43.66983260482598],[-79.4069405970847,43.66995940478099],[-79.40529158916867,43.67030539349],[-79.40618298209904,43.67104651135825],[-79.40718360706303,43.67193439845201],[-79.40834319349528,43.67170749969826],[-79.40814638612783,43.6711735054856]]]},"properties":{"DAUID":"35201050","DGUID":"2021S051235201050","LANDAREA":0.0314,"PRUID":"35"}},
{"type":"Feature","geometry":{"type":"Polygon","coordinates":[[[-79.40529158916867,43.67030539349],[-79.4060358857472,43.672179504991526],[-79.40718360706303,43.67193439845201],[-79.40618298209904,43.67104651135825],[-79.40529158916867,43.67030539349]]]},"properties":{"DAUID":"35201051","DGUID":"2021S051235201051","LANDAREA":0.0107,"PRUID":"35"}},
{"type":"Feature","geometry":{"type":"Polygon","coordinates":[[[-79.40359649375016,43.6692101865863],[-79.40487600292039,43.67241549929772],[-79.4060358857472,43.672179504991526],[-79.40529158916867,43.67030539349],[-79.40476131096118,43.66895499211718],[-79.40359649375016,43.6692101865863]]]},"properties":{"DAUID":"35201052","DGUID":"2021S051235201052","LANDAREA":0.0362,"PRUID":"35"}},
{"type":"Feature","geometry":{"type":"Polygon","coordinates":[[[-79.40241159557935,43.669454794158526],[-79.40307421631844,43.67112980443018],[-79.40369109687344,43.67266000973624],[-79.40487600292039,43.67241549929772],[-79.40359649375016,43.6692101865863],[-79.40241159557935,43.669454794158526]]]},"properties":{"DAUID":"35201053","DGUID":"2021S051235201053","LANDAREA":0.0369,"PRUID":"35"}},
{"type":"Feature","geometry":{"type":"Polygon","coordinates":[[[-79.40075249432034,43.66980968943846],[-79.40185971563193,43.67249040202768],[-79.40213181210419,43.67298939545392],[-79.40369109687344,43.67266000973624],[-79.40307421631844,43.67112980443018],[-79.40241159557935,43.669454794158526],[-79.40075249432034,43.66980968943846]]]},"properties":{"DAUID":"35201054","DGUID":"2021S051235201054","LANDAREA":0.0509,"PRUID":"35"}},
{"type":"Feature","geometry":{"type":"Polygon","coordinates":[[[-79.39944259087963,43.67008849761743],[-79.40019930313204,43.67195390773309],[-79.40072268576724,43.673266793552365],[-79.40102171319725,43.6732170047059],[-79.40213181210419,43.67298939545392],[-79.40185971563193,43.67249040202768],[-79.40075249432034,43.66980968943846],[-79.39944259087963,43.67008849761743]]]},"properties":{"DAUID":"35201055","DGUID":"2021S051235201055","LANDAREA":0.0412,"PRUID":"35"}},
{"type":"Feature","geometry":{"type":"Polygon","coordinates":[[[-79.40639090633258,43.668401991098975],[-79.40620889104403,43.66845438852627],[-79.4060805958572,43.66861459362668],[-79.40582159343205,43.66874270917387],[-79.40476131096118,43.66895499211718],[-79.40529158916867,43.67030539349],[-79.4069405970847,43.66995940478099],[-79.40658630696268,43.66963918989585],[-79.40642840395505,43.66943489067505],[-79.40633598433735,43.668932109523965],[-79.40646269760164,43.668689193547365],[-79.40639090633258,43.668401991098975]]]},"properties":{"DAUID":"35201056","DGUID":"2021S051235201056","LANDAREA":0.02,"PRUID":"35"}},
{"type":"Feature","geometry":{"type":"Polygon","coordinates":[[[-79.4069405970847,43.66995940478099],[-79.40754930481042,43.66983260482598],[-79.40762271287598,43.66986969928113],[-79.40814638612783,43.6711735054856],[-79.40923138489535,43.67095449364366],[-79.40941911561197,43.670894105110946],[-79.40862819983016,43.66890231129111],[-79.40829151524561,43.668033201201055],[-79.4074810181756,43.668192990062416],[-79.40639090633258,43.668401991098975],[-79.40646269760164,43.668689193547365],[-79.40633598433735,43.668932109523965],[-79.40642840395505,43.66943489067505],[-79.40658630696268,43.66963918989585],[-79.4069405970847,43.66995940478099]]]},"properties":{"DAUID":"35201057","DGUID":"2021S051235201057","LANDAREA":0.0477,"PRUID":"35"}},
{"type":"Feature","geometry":{"type":"Polygon","coordinates":[[[-79.40534669009934,43.6663534026916],[-79.40567281126388,43.66668210803944],[-79.4058027813587,43.66692700376402],[-79.40587000883315,43.667198111471606],[-79.40585930749646,43.667603091953744],[-79.40590369539088,43.66780179101051],[-79.40639090633258,43.668401991098975],[-79.4074810181756,43.668192990062416],[-79.4066563910635,43.66607460497123],[-79.40625719077087,43.66615899623469],[-79.40534669009934,43.6663534026916]]]},"properties":{"DAUID":"35201058","DGUID":"2021S051235201058","LANDAREA":0.0243,"PRUID":"35"}},
{"type":"Feature","geometry":{"type":"Polygon","coordinates":[[[-79.40862819983016,43.66890231129111],[-79.40981349404338,43.66863961091127],[-79.40976769785556,43.66849490679007],[-79.40887379292751,43.66617750227254],[-79.40866401493608,43.66567040089776],[-79.4066563910635,43.66607460497123],[-79.4074810181756,43.668192990062416],[-79.40829151524561,43.668033201201055],[-79.40862819983016,43.66890231129111]]]},"properties":{"DAUID":"35201059","DGUID":"2021S051235201059","LANDAREA":0.0513,"PRUID":"35"}},
{"type":"Feature","geometry":{"type":"Polygon","coordinates":[[[-79.40866401493608,43.66567040089776],[-79.40887379292751,43.66617750227254],[-79.40976769785556,43.66849490679007],[-79.41108939841213,43.66823419779737],[-79.41017139999573,43.66588938807865],[-79.40998631542907,43.66538259750407],[-79.40866401493608,43.66567040089776]]]},"properties":{"DAUID":"35201060","DGUID":"2021S051235201060","LANDAREA":0.0361,"PRUID":"35"}},
{"type":"Feature","geometry":{"type":"Polygon","coordinates":[[[-79.41119659877768,43.66511131074507],[-79.40998631542907,43.66538259750407],[-79.41017139999573,43.66588938807865],[-79.41108939841213,43.66823419779737],[-79.41116049154813,43.66836119322187],[-79.41195068464167,43.6703801039581],[-79.41317391083432,43.670090892435944],[-79.41296399323973,43.66958380653149],[-79.41177708488793,43.666614105533824],[-79.41119659877768,43.66511131074507]]]},"properties":{"DAUID":"35201061","DGUID":"2021S051235201061","LANDAREA":0.0593,"PRUID":"35"}},
{"type":"Feature","geometry":{"type":"Polygon","coordinates":[[[-79.40976769785556,43.66849490679007],[-79.40981349404338,43.66863961091127],[-79.40862819983016,43.66890231129111],[-79.40941911561197,43.670894105110946],[-79.41060371432727,43.67065849704906],[-79.41195068464167,43.6703801039581],[-79.41116049154813,43.66836119322187],[-79.41108939841213,43.66823419779737],[-79.40976769785556,43.66849490679007]]]},"properties":{"DAUID":"35201062","DGUID":"2021S051235201062","LANDAREA":0.0512,"PRUID":"35"}},
{"type":"Feature","geometry":{"type":"Polygon","coordinates":[[[-79.41317391083432,43.670090892435944],[-79.41195068464167,43.6703801039581],[-79.41060371432727,43.67065849704906],[-79.41127820829256,43.672360591258844],[-79.41182629516096,43.67368278657357],[-79.41217728009464,43.67443350224259],[-79.41468953777452,43.673912334231915],[-79.41438359030131,43.67314200701275],[-79.41397570703403,43.67214598921235],[-79.41317391083432,43.670090892435944]]]},"properties":{"DAUID":"35201063","DGUID":"2021S051235201063","LANDAREA":0.0943,"PRUID":"35"}},
{"type":"Feature","geometry":{"type":"Polygon","coordinates":[[[-79.41537078921712,43.66909499926085],[-79.41296399323973,43.66958380653149],[-79.41317391083432,43.670090892435944],[-79.41397570703403,43.67214598921235],[-79.41438359030131,43.67314200701275],[-79.4167661918511,43.672634798112206],[-79.41610271385629,43.670977903405124],[-79.41589449624458,43.67040779097391],[-79.41562508808313,43.66980078912036],[-79.41537078921712,43.66909499926085]]]},"properties":{"DAUID":"35201064","DGUID":"2021S051235201064","LANDAREA":0.0823,"PRUID":"35"}},
{"type":"Feature","geometry":{"type":"Polygon","coordinates":[[[-79.41562508808313,43.66980078912036],[-79.41589449624458,43.67040779097391],[-79.41610271385629,43.670977903405124],[-79.41838470535353,43.67048939591922],[-79.41862169638668,43.67047260819931],[-79.41973160184159,43.67024479880232],[-79.41901248374718,43.668344108788794],[-79.4177535031498,43.668578810542265],[-79.41800830277205,43.669266611719664],[-79.41562508808313,43.66980078912036]]]},"properties":{"DAUID":"35201065","DGUID":"2021S051235201065","LANDAREA":0.0504,"PRUID":"35"}},
{"type":"Feature","geometry":{"type":"Polygon","coordinates":[[[-79.41839549820234,43.66680490339296],[-79.41718521276476,43.66707629183207],[-79.41477780803191,43.66759209665811],[-79.41537078921712,43.66909499926085],[-79.41562508808313,43.66980078912036],[-79.41800830277205,43.669266611719664],[-79.4177535031498,43.668578810542265],[-79.41901248374718,43.668344108788794],[-79.41839549820234,43.66680490339296]]]},"properties":{"DAUID":"35201066","DGUID":"2021S051235201066","LANDAREA":0.0693,"PRUID":"35"}},
{"type":"Feature","geometry":{"type":"Polygon","coordinates":[[[-79.41657949931964,43.665582211864766],[-79.41538219232135,43.66583570217485],[-79.4142089068657,43.66611659699746],[-79.41298690715124,43.66636069333786],[-79.41358039163438,43.6678456092105],[-79.41477780803191,43.66759209665811],[-79.41718521276476,43.66707629183207],[-79.41657949931964,43.665582211864766]]]},"properties":{"DAUID":"35201067","DGUID":"2021S051235201067","LANDAREA":0.052,"PRUID":"35"}},
{"type":"Feature","geometry":{"type":"Polygon","coordinates":[[[-79.41177708488793,43.666614105533824],[-79.41296399323973,43.66958380653149],[-79.41537078921712,43.66909499926085],[-79.41477780803191,43.66759209665811],[-79.41358039163438,43.6678456092105],[-79.41298690715124,43.66636069333786],[-79.41177708488793,43.666614105533824]]]},"properties":{"DAUID":"35201068","DGUID":"2021S051235201068","LANDAREA":0.0523,"PRUID":"35"}},
{"type":"Feature","geometry":{"type":"Polygon","coordinates":[[[-79.41485121419747,43.66433370554248],[-79.41364068753906,43.66461408822035],[-79.412430703528,43.66487641086468],[-79.41119659877768,43.66511131074507],[-79.41177708488793,43.666614105533824],[-79.41298690715124,43.66636069333786],[-79.4142089068657,43.66611659699746],[-79.41538219232135,43.66583570217485],[-79.41657949931964,43.665582211864766],[-79.41597411679471,43.6640791955589],[-79.41485121419747,43.66433370554248]]]},"properties":{"DAUID":"35201069","DGUID":"2021S051235201069","LANDAREA":0.0695,"PRUID":"35"}},
{"type":"Feature","geometry":{"type":"Polygon","coordinates":[[[-79.41657949931964,43.665582211864766],[-79.41718521276476,43.66707629183207],[-79.41839549820234,43.66680490339296],[-79.4176270890151,43.66489441110602],[-79.41751898480759,43.664757899894894],[-79.41730928753074,43.66424181088342],[-79.41720861661024,43.66382619592234],[-79.41597411679471,43.6640791955589],[-79.41657949931964,43.665582211864766]]]},"properties":{"DAUID":"35201070","DGUID":"2021S051235201070","LANDAREA":0.0349,"PRUID":"35"}},
{"type":"Feature","geometry":{"type":"Polygon","coordinates":[[[-79.41720861661024,43.66382619592234],[-79.41730928753074,43.66424181088342],[-79.41751898480759,43.664757899894894],[-79.4176270890151,43.66489441110602],[-79.41839549820234,43.66680490339296],[-79.41961718331636,43.66656969889293],[-79.4187802980426,43.664433194645035],[-79.41840568546309,43.66358159156464],[-79.41720861661024,43.66382619592234]]]},"properties":{"DAUID":"35201071","DGUID":"2021S051235201071","LANDAREA":0.0357,"PRUID":"35"}},
{"type":"Feature","geometry":{"type":"Polygon","coordinates":[[[-79.42204868444892,43.66276760045858],[-79.41885539596475,43.6634618006745],[-79.41840568546309,43.66358159156464],[-79.4187802980426,43.664433194645035],[-79.41961718331636,43.66656969889293],[-79.42135201629408,43.666161492557315],[-79.422003795245,43.66590039848308],[-79.42325170928173,43.66561140523194],[-79.42444860441127,43.665375801988084],[-79.42414639027248,43.664597287606405],[-79.42493271320271,43.664410107316684],[-79.42430059690771,43.662969799958375],[-79.42353988540815,43.66313039805616],[-79.42325861295649,43.66250520672158],[-79.42204868444892,43.66276760045858]]]},"properties":{"DAUID":"35201072","DGUID":"2021S051235201072","LANDAREA":0.1497,"PRUID":"35"}},
{"type":"Feature","geometry":{"type":"Polygon","coordinates":[[[-79.41610271385629,43.670977903405124],[-79.4167661918511,43.672634798112206],[-79.41438359030131,43.67314200701275],[-79.41468953777452,43.673912334231915],[-79.42071140492146,43.67262156044141],[-79.4217775455889,43.672400194272676],[-79.42183018149136,43.67236952142279],[-79.42153158299553,43.671611305371805],[-79.42033461313041,43.671846890583595],[-79.41973160184159,43.67024479880232],[-79.41862169638668,43.67047260819931],[-79.41838470535353,43.67048939591922],[-79.41610271385629,43.670977903405124]]]},"properties":{"DAUID":"35201073","DGUID":"2021S051235201073","LANDAREA":0.1111,"PRUID":"35"}},
{"type":"Feature","geometry":{"type":"Polygon","coordinates":[[[-79.4189227897561,43.651442591358304],[-79.41770118302904,43.651686809834565],[-79.41843440292521,43.65357729804588],[-79.41734929706577,43.65380400388578],[-79.41789319230992,43.65523689472131],[-79.4183146029544,43.65524280111188],[-79.41857540098532,43.65522840330375],[-79.41969660232995,43.65503679461375],[-79.42025818556196,43.65490050455315],[-79.41896878672479,43.651578193460146],[-79.4189227897561,43.651442591358304]]]},"properties":{"DAUID":"35201426","DGUID":"2021S051235201426","LANDAREA":0.0569,"PRUID":"35"}},
{"type":"Feature","geometry":{"type":"Polygon","coordinates":[[[-79.41597689174274,43.65029429357771],[-79.41734929706577,43.65380400388578],[-79.41843440292521,43.65357729804588],[-79.41770118302904,43.651686809834565],[-79.41706201329163,43.65005720398142],[-79.41597689174274,43.65029429357771]]]},"properties":{"DAUID":"35201427","DGUID":"2021S051235201427","LANDAREA":0.0371,"PRUID":"35"}},
{"type":"Feature","geometry":{"type":"Polygon","coordinates":[[[-79.41493000085275,43.65049589602036],[-79.41534709942867,43.65160910943406],[-79.41628918795014,43.65398120833251],[-79.41671831512782,43.655112590017595],[-79.4170669969051,43.655164192882026],[-79.41789319230992,43.65523689472131],[-79.41734929706577,43.65380400388578],[-79.41597689174274,43.65029429357771],[-79.41493000085275,43.65049589602036]]]},"properties":{"DAUID":"35201428","DGUID":"2021S051235201428","LANDAREA":0.0486,"PRUID":"35"}},
{"type":"Feature","geometry":{"type":"Polygon","coordinates":[[[-79.41559431781324,43.654943989876514],[-79.41671831512782,43.655112590017595],[-79.41628918795014,43.65398120833251],[-79.41534709942867,43.65160910943406],[-79.41493000085275,43.65049589602036],[-79.41392649050306,43.65070460467495],[-79.41414291947157,43.65130059230693],[-79.41459581287434,43.65247710057415],[-79.41515181128439,43.653848403322776],[-79.4155106046077,43.65482581106642],[-79.41559431781324,43.654943989876514]]]},"properties":{"DAUID":"35201429","DGUID":"2021S051235201429","LANDAREA":0.0433,"PRUID":"35"}},
{"type":"Feature","geometry":{"type":"Polygon","coordinates":[[[-79.41414291947157,43.65130059230693],[-79.41304270006447,43.6515321004785],[-79.41341501010113,43.65246469527123],[-79.41220571061545,43.65270900608034],[-79.41257719768849,43.65366859996201],[-79.41194149309443,43.65379480619095],[-79.41218488994821,43.65443749210933],[-79.41345671237666,43.65417599018081],[-79.41515181128439,43.653848403322776],[-79.41459581287434,43.65247710057415],[-79.41414291947157,43.65130059230693]]]},"properties":{"DAUID":"35201430","DGUID":"2021S051235201430","LANDAREA":0.0496,"PRUID":"35"}},
{"type":"Feature","geometry":{"type":"Polygon","coordinates":[[[-79.41218488994821,43.65443749210933],[-79.41260461587923,43.65545170169498],[-79.41386360423867,43.65520810193357],[-79.41504809668784,43.65496341067632],[-79.41559431781324,43.654943989876514],[-79.4155106046077,43.65482581106642],[-79.41515181128439,43.653848403322776],[-79.41345671237666,43.65417599018081],[-79.41218488994821,43.65443749210933]]]},"properties":{"DAUID":"35201431","DGUID":"2021S051235201431","LANDAREA":0.0292,"PRUID":"35"}},
{"type":"Feature","geometry":{"type":"Polygon","coordinates":[[[-79.40970960133103,43.651547389169906],[-79.41054661467861,43.65362459743615],[-79.41139510332067,43.655707709833536],[-79.41260461587923,43.65545170169498],[-79.41218488994821,43.65443749210933],[-79.41194149309443,43.65379480619095],[-79.41117320691292,43.651893311412266],[-79.41090350576086,43.651304303659735],[-79.40970960133103,43.651547389169906]]]},"properties":{"DAUID":"35201432","DGUID":"2021S051235201432","LANDAREA":0.049,"PRUID":"35"}},
{"type":"Feature","geometry":{"type":"Polygon","coordinates":[[[-79.40847279704992,43.65178369143003],[-79.40928651150287,43.65383890441369],[-79.4101479971731,43.65596678724516],[-79.41139510332067,43.655707709833536],[-79.41054661467861,43.65362459743615],[-79.40970960133103,43.651547389169906],[-79.40847279704992,43.65178369143003]]]},"properties":{"DAUID":"35201433","DGUID":"2021S051235201433","LANDAREA":0.0502,"PRUID":"35"}},
{"type":"Feature","geometry":{"type":"Polygon","coordinates":[[[-79.40726279284156,43.65205499191192],[-79.40742610566673,43.65244438822505],[-79.40875219217297,43.65575830780901],[-79.40895080267542,43.656220291144],[-79.4101479971731,43.65596678724516],[-79.40928651150287,43.65383890441369],[-79.40847279704992,43.65178369143003],[-79.40726279284156,43.65205499191192]]]},"properties":{"DAUID":"35201434","DGUID":"2021S051235201434","LANDAREA":0.049,"PRUID":"35"}},
{"type":"Feature","geometry":{"type":"Polygon","coordinates":[[[-79.40726279284156,43.65205499191192],[-79.40601600687788,43.652307692903584],[-79.40681950394269,43.65428178997445],[-79.40769330968403,43.65640990463329],[-79.4084538081225,43.656258411618666],[-79.40866401274718,43.6562792976816],[-79.40895080267542,43.656220291144],[-79.40875219217297,43.65575830780901],[-79.40742610566673,43.65244438822505],[-79.40726279284156,43.65205499191192]]]},"properties":{"DAUID":"35201435","DGUID":"2021S051235201435","LANDAREA":0.0496,"PRUID":"35"}},
{"type":"Feature","geometry":{"type":"Polygon","coordinates":[[[-79.40482989180572,43.652147090050505],[-79.40481889128657,43.652561111178755],[-79.4046906085,43.65272140032369],[-79.40289541337336,43.65308350940624],[-79.403092481198,43.653599504566934],[-79.40366439806381,43.6549489876326],[-79.40400078952212,43.6558271058416],[-79.40598300328281,43.655431592762774],[-79.4056347054501,43.65453539052556],[-79.40681950394269,43.65428178997445],[-79.40601600687788,43.652307692903584],[-79.4055803133818,43.652373693972116],[-79.40534500591441,43.652361390968906],[-79.40482989180572,43.652147090050505]]]},"properties":{"DAUID":"35201436","DGUID":"2021S051235201436","LANDAREA":0.0771,"PRUID":"35"}},
{"type":"Feature","geometry":{"type":"Polygon","coordinates":[[[-79.40681950394269,43.65428178997445],[-79.4056347054501,43.65453539052556],[-79.40598300328281,43.655431592762774],[-79.40400078952212,43.6558271058416],[-79.4033388234252,43.65595561775526],[-79.40380171931675,43.65725599284687],[-79.4040633966353,43.65720559184138],[-79.40582139667569,43.65685199604543],[-79.40666918202687,43.65668370607875],[-79.40685819067919,43.65656930224775],[-79.40769330968403,43.65640990463329],[-79.40681950394269,43.65428178997445]]]},"properties":{"DAUID":"35201437","DGUID":"2021S051235201437","LANDAREA":0.0582,"PRUID":"35"}},
{"type":"Feature","geometry":{"type":"Polygon","coordinates":[[[-79.41348428438222,43.650772902514774],[-79.41279830099528,43.650925501016445],[-79.41158900463138,43.6511697965904],[-79.41090350576086,43.651304303659735],[-79.41117320691292,43.651893311412266],[-79.41194149309443,43.65379480619095],[-79.41257719768849,43.65366859996201],[-79.41220571061545,43.65270900608034],[-79.41341501010113,43.65246469527123],[-79.41304270006447,43.6515321004785],[-79.41414291947157,43.65130059230693],[-79.41392649050306,43.65070460467495],[-79.41348428438222,43.650772902514774]]]},"properties":{"DAUID":"35201438","DGUID":"2021S051235201438","LANDAREA":0.0405,"PRUID":"35"}},
{"type":"Feature","geometry":{"type":"Polygon","coordinates":[[[-79.41953000194107,43.64956910067669],[-79.42016921136212,43.65119870438187],[-79.42136610684814,43.6509540990699],[-79.42076388533876,43.6493250998228],[-79.41953000194107,43.64956910067669]]]},"properties":{"DAUID":"35201446","DGUID":"2021S051235201446","LANDAREA":0.0191,"PRUID":"35"}},
{"type":"Feature","geometry":{"type":"Polygon","coordinates":[[[-79.41953000194107,43.64956910067669],[-79.41827088582313,43.64982179147845],[-79.41706201329163,43.65005720398142],[-79.41770118302904,43.651686809834565],[-79.4189227897561,43.651442591358304],[-79.42016921136212,43.65119870438187],[-79.41953000194107,43.64956910067669]]]},"properties":{"DAUID":"35201447","DGUID":"2021S051235201447","LANDAREA":0.0388,"PRUID":"35"}},
{"type":"Feature","geometry":{"type":"Polygon","coordinates":[[[-79.3840868152131,43.69225599522498],[-79.37974429817547,43.693157901686945],[-79.37722964443032,43.693722788003164],[-79.38031974796151,43.69424918660698],[-79.38078670969145,43.69470015464653],[-79.38483104052133,43.69402096244556],[-79.38721738176912,43.69349528082847],[-79.38877899260268,43.693133625560655],[-79.38865411180724,43.692671999734024],[-79.38854128809895,43.692724093533855],[-79.38729368105706,43.692976607373105],[-79.38595798026816,43.693272908916086],[-79.38543511582026,43.691950892180785],[-79.3840868152131,43.69225599522498]]]},"properties":{"DAUID":"35202772","DGUID":"2021S051235202772","LANDAREA":0.1181,"PRUID":"35"}},
{"type":"Feature","geometry":{"type":"Polygon","coordinates":[[[-79.37657989686318,43.69178039138268],[-79.37682680016641,43.69228818726959],[-79.37792710327308,43.69243880612862],[-79.37816260100844,43.69245120983025],[-79.378577683149,43.692700208401725],[-79.37894529898804,43.69287649859458],[-79.37974429817547,43.693157901686945],[-79.3840868152131,43.69225599522498],[-79.38370309427076,43.6912961890533],[-79.38331861016678,43.69036331142788],[-79.37959939188525,43.691166008626055],[-79.37657989686318,43.69178039138268]]]},"properties":{"DAUID":"35202773","DGUID":"2021S051235202773","LANDAREA":0.1044,"PRUID":"35"}},
{"type":"Feature","geometry":{"type":"Polygon","coordinates":[[[-79.37957919304662,43.68914891002731],[-79.37885549613492,43.689300689460964],[-79.37959939188525,43.691166008626055],[-79.38331861016678,43.69036331142788],[-79.38370309427076,43.6912961890533],[-79.38475049121215,43.69110390349193],[-79.38434231721536,43.6901346897184],[-79.38370189754717,43.688567989808604],[-79.383519004961,43.68844840506387],[-79.38357220036642,43.688314002875565],[-79.37957919304662,43.68914891002731]]]},"properties":{"DAUID":"35202774","DGUID":"2021S051235202774","LANDAREA":0.0946,"PRUID":"35"}},
{"type":"Feature","geometry":{"type":"Polygon","coordinates":[[[-79.37925420057525,43.68831590066068],[-79.37669609490574,43.68885588665722],[-79.3770336834883,43.68968000363643],[-79.375835193239,43.68995108784068],[-79.37462501147351,43.69019499315972],[-79.37498741499094,43.69101950924637],[-79.3753480932943,43.69190699528261],[-79.3754206104705,43.69198009400195],[-79.37657989686318,43.69178039138268],[-79.37959939188525,43.691166008626055],[-79.37885549613492,43.689300689460964],[-79.37957919304662,43.68914891002731],[-79.37925420057525,43.68831590066068]]]},"properties":{"DAUID":"35202775","DGUID":"2021S051235202775","LANDAREA":0.0959,"PRUID":"35"}},
{"type":"Feature","geometry":{"type":"Polygon","coordinates":[[[-79.37084576875385,43.69069139403306],[-79.37109222023574,43.690836755423724],[-79.37381419146895,43.69253684496522],[-79.37722964443032,43.693722788003164],[-79.37974429817547,43.693157901686945],[-79.37894529898804,43.69287649859458],[-79.378577683149,43.692700208401725],[-79.37816260100844,43.69245120983025],[-79.37792710327308,43.69243880612862],[-79.37682680016641,43.69228818726959],[-79.37657989686318,43.69178039138268],[-79.3754206104705,43.69198009400195],[-79.3753480932943,43.69190699528261],[-79.37498741499094,43.69101950924637],[-79.37462501147351,43.69019499315972],[-79.375835193239,43.68995108784068],[-79.3770336834883,43.68968000363643],[-79.37669609490574,43.68885588665722],[-79.37925420057525,43.68831590066068],[-79.37890539915225,43.68744660515961],[-79.3786593146026,43.68691190677159],[-79.37832139764491,43.68609669690156],[-79.37852538281504,43.68589260435101],[-79.38094559554818,43.68540459601428],[-79.3821659026474,43.68524179758492],[-79.38316460193293,43.685012905256634],[-79.38384038806439,43.684797301645105],[-79.38371450657264,43.68451229952991],[-79.38290973296061,43.68481818234158],[-79.38200094917786,43.685041995167055],[-79.38013045766795,43.68541920391457],[-79.37886154141417,43.68567509741111],[-79.37761823778753,43.6859831919892],[-79.3768966491549,43.686226786337286],[-79.37620693414102,43.68649269575554],[-79.37544612809218,43.68682727635496],[-79.37478792526039,43.687180481332234],[-79.37429392060307,43.687485185927514],[-79.37382714017035,43.6878112824311],[-79.37309122533914,43.68841509475536],[-79.37239382764926,43.68913108670946],[-79.37084576875385,43.69069139403306]]]},"properties":{"DAUID":"35202776","DGUID":"2021S051235202776","LANDAREA":0.2737,"PRUID":"35"}},
{"type":"Feature","geometry":{"type":"Polygon","coordinates":[[[-79.38371450657264,43.68451229952991],[-79.38384038806439,43.684797301645105],[-79.38316460193293,43.685012905256634],[-79.3821659026474,43.68524179758492],[-79.38094559554818,43.68540459601428],[-79.37852538281504,43.68589260435101],[-79.37832139764491,43.68609669690156],[-79.3786593146026,43.68691190677159],[-79.37890539915225,43.68744660515961],[-79.37925420057525,43.68831590066068],[-79.37957919304662,43.68914891002731],[-79.38357220036642,43.688314002875565],[-79.38371809945652,43.68796499735879],[-79.38407280710878,43.68729877480745],[-79.38458458385597,43.687221902194416],[-79.38505053412207,43.68722511043787],[-79.38572142618344,43.68706994781096],[-79.38597784888164,43.68724104825924],[-79.38615598564954,43.687456697338675],[-79.38633956220048,43.68756941003091],[-79.38639655469898,43.687409388765076],[-79.38617565723052,43.6871291960555],[-79.38594565684585,43.68700100442851],[-79.38577373490355,43.68682450335388],[-79.38537335877827,43.686688708487665],[-79.38531884175443,43.68644838849628],[-79.38552144343005,43.68620839255074],[-79.38542095279955,43.68577771010611],[-79.38560865945949,43.68521700788819],[-79.38579423903074,43.6851186031536],[-79.38590846012639,43.68494169712018],[-79.38584303537375,43.68484308275542],[-79.38561495651909,43.68484239048288],[-79.38531414624057,43.68473949393178],[-79.38523294443208,43.684606905943134],[-79.38533884982951,43.68450389610712],[-79.38520695043398,43.68434348621776],[-79.3849204505299,43.684211288239545],[-79.38481106457576,43.68402176288824],[-79.38371450657264,43.68451229952991]]]},"properties":{"DAUID":"35202777","DGUID":"2021S051235202777","LANDAREA":0.1968,"PRUID":"35"}},
{"type":"Feature","geometry":{"type":"Polygon","coordinates":[[[-79.38475049121215,43.69110390349193],[-79.38768371050577,43.690460997719654],[-79.38804408856838,43.691366504473606],[-79.38865411180724,43.692671999734024],[-79.38900191939094,43.69261123600117],[-79.38864290608319,43.6918886135117],[-79.39093106851239,43.69138526293905],[-79.3908410436843,43.691316236634606],[-79.39065645500577,43.69097789642809],[-79.39003715633972,43.69046381029082],[-79.38999094881325,43.69001909308508],[-79.38981726471944,43.68974830468933],[-79.38956445611697,43.689623697234005],[-79.38941144399125,43.68945369493709],[-79.38882522568072,43.68921369462155],[-79.38850434888927,43.688838285551626],[-79.38804105616664,43.688566386263844],[-79.38763566640378,43.68855948669053],[-79.38730764345064,43.68827849238217],[-79.38714294557404,43.68796969216133],[-79.38680635195635,43.687751187176445],[-79.38649104172204,43.68769690026414],[-79.38633956220048,43.68756941003091],[-79.38615598564954,43.687456697338675],[-79.38597784888164,43.68724104825924],[-79.38572142618344,43.68706994781096],[-79.38505053412207,43.68722511043787],[-79.38458458385597,43.687221902194416],[-79.38407280710878,43.68729877480745],[-79.38371809945652,43.68796499735879],[-79.38357220036642,43.688314002875565],[-79.383519004961,43.68844840506387],[-79.38370189754717,43.688567989808604],[-79.38434231721536,43.6901346897184],[-79.38475049121215,43.69110390349193]]]},"properties":{"DAUID":"35202778","DGUID":"2021S051235202778","LANDAREA":0.1667,"PRUID":"35"}},
{"type":"Feature","geometry":{"type":"Polygon","coordinates":[[[-79.3840868152131,43.69225599522498],[-79.38543511582026,43.691950892180785],[-79.38595798026816,43.693272908916086],[-79.38729368105706,43.692976607373105],[-79.38854128809895,43.692724093533855],[-79.38865411180724,43.692671999734024],[-79.38804408856838,43.691366504473606],[-79.38768371050577,43.690460997719654],[-79.38475049121215,43.69110390349193],[-79.38370309427076,43.6912961890533],[-79.3840868152131,43.69225599522498]]]},"properties":{"DAUID":"35202779","DGUID":"2021S051235202779","LANDAREA":0.07,"PRUID":"35"}},
{"type":"Feature","geometry":{"type":"Polygon","coordinates":[[[-79.39775450025294,43.67759208806255],[-79.39252740015624,43.67868019645984],[-79.39041858403277,43.67913669452716],[-79.391200077793,43.68111107027804],[-79.39322435138112,43.680212486149976],[-79.3979394714811,43.67804437363235],[-79.39775450025294,43.67759208806255]]]},"properties":{"DAUID":"35202812","DGUID":"2021S051235202812","LANDAREA":0.0875,"PRUID":"35"}},
{"type":"Feature","geometry":{"type":"Polygon","coordinates":[[[-79.39740638857297,43.6766867979525],[-79.39569790411012,43.677022988831816],[-79.39412531333147,43.67737910126007],[-79.39003420798747,43.67820389663107],[-79.39041858403277,43.67913669452716],[-79.39252740015624,43.67868019645984],[-79.39775450025294,43.67759208806255],[-79.39761618802284,43.67719399284135],[-79.39740638857297,43.6766867979525]]]},"properties":{"DAUID":"35202813","DGUID":"2021S051235202813","LANDAREA":0.065,"PRUID":"35"}},
{"type":"Feature","geometry":{"type":"Polygon","coordinates":[[[-79.38952179297036,43.67695418815919],[-79.39003420798747,43.67820389663107],[-79.39412531333147,43.67737910126007],[-79.39569790411012,43.677022988831816],[-79.39740638857297,43.6766867979525],[-79.39692820959804,43.67554571179487],[-79.3954311909417,43.67585778882595],[-79.39473219100316,43.67601899823299],[-79.39445988528665,43.675997200053374],[-79.39374869779644,43.676149297727434],[-79.39278691151061,43.67631791947586],[-79.39174570363559,43.675876302875935],[-79.39055580682013,43.67615529925031],[-79.39032940967957,43.676168603883355],[-79.39010168530513,43.67609630832897],[-79.38923080440064,43.67623880666746],[-79.38952179297036,43.67695418815919]]]},"properties":{"DAUID":"35202814","DGUID":"2021S051235202814","LANDAREA":0.103,"PRUID":"35"}},
{"type":"Feature","geometry":{"type":"Polygon","coordinates":[[[-79.39153829435381,43.67391228663449],[-79.39112009279394,43.67342709199615],[-79.39082108317702,43.67319159869829],[-79.39033348871911,43.67298300120524],[-79.39008768721745,43.67295540894959],[-79.38822959009437,43.672857207971376],[-79.38785721546836,43.67287000403604],[-79.38897559927338,43.67557789620566],[-79.39052281604886,43.6752394981036],[-79.39043960820425,43.67510330328116],[-79.39006638831836,43.6742157022523],[-79.39153829435381,43.67391228663449]]]},"properties":{"DAUID":"35202817","DGUID":"2021S051235202817","LANDAREA":0.051,"PRUID":"35"}},
{"type":"Feature","geometry":{"type":"Polygon","coordinates":[[[-79.38785721546836,43.67287000403604],[-79.38822959009437,43.672857207971376],[-79.39008768721745,43.67295540894959],[-79.39033348871911,43.67298300120524],[-79.39082108317702,43.67319159869829],[-79.39112009279394,43.67342709199615],[-79.39153829435381,43.67391228663449],[-79.39346870925439,43.67501991151978],[-79.39383710614176,43.67516009937381],[-79.39441999907858,43.6751683080605],[-79.39481941815743,43.67507489569059],[-79.39437718478297,43.67397919509168],[-79.39336299825028,43.67154290455534],[-79.39307420807269,43.67074648957178],[-79.38838379054366,43.67173390651157],[-79.38748571607152,43.67191930160137],[-79.38785721546836,43.67287000403604]]]},"properties":{"DAUID":"35202818","DGUID":"2021S051235202818","LANDAREA":0.1352,"PRUID":"35"}},
{"type":"Feature","geometry":{"type":"Polygon","coordinates":[[[-79.3840570963941,43.67349160397076],[-79.38540641003873,43.67362091346205],[-79.38632991805208,43.67383329269057],[-79.38676970485386,43.674058801773555],[-79.38696750549038,43.6742255117634],[-79.38717161051457,43.67448680844799],[-79.38737220556197,43.67500000882157],[-79.38754238695117,43.67559878786609],[-79.38766661873697,43.675715891452576],[-79.38794709540413,43.675770201446795],[-79.38834859864113,43.67574360486184],[-79.38897559927338,43.67557789620566],[-79.38785721546836,43.67287000403604],[-79.38748571607152,43.67191930160137],[-79.38720470217602,43.67129409598893],[-79.3846233140706,43.67180689908305],[-79.38492780250063,43.67247739113047],[-79.3840570963941,43.67349160397076]]]},"properties":{"DAUID":"35202819","DGUID":"2021S051235202819","LANDAREA":0.0868,"PRUID":"35"}},
{"type":"Feature","geometry":{"type":"Polygon","coordinates":[[[-79.39413300713485,43.668717508368616],[-79.38949358373804,43.66966060607687],[-79.38800940490756,43.66996390822024],[-79.38677461503589,43.670216508883456],[-79.38720470217602,43.67129409598893],[-79.38748571607152,43.67191930160137],[-79.38838379054366,43.67173390651157],[-79.39307420807269,43.67074648957178],[-79.39480828324764,43.67037470642313],[-79.39413300713485,43.668717508368616]]]},"properties":{"DAUID":"35202820","DGUID":"2021S051235202820","LANDAREA":0.1204,"PRUID":"35"}},
{"type":"Feature","geometry":{"type":"Polygon","coordinates":[[[-79.38677461503589,43.670216508883456],[-79.38419130005086,43.67080130997497],[-79.3846233140706,43.67180689908305],[-79.38720470217602,43.67129409598893],[-79.38677461503589,43.670216508883456]]]},"properties":{"DAUID":"35202821","DGUID":"2021S051235202821","LANDAREA":0.0264,"PRUID":"35"}},
{"type":"Feature","geometry":{"type":"Polygon","coordinates":[[[-79.3831428915486,43.67103859624782],[-79.38236910914581,43.67121671014497],[-79.38055399434255,43.6716041945573],[-79.3794543465269,43.67181410247898],[-79.37955559105937,43.672422307949425],[-79.37973721288269,43.673142299849296],[-79.38070218627199,43.673236992382506],[-79.38219988499388,43.67335730476134],[-79.3840570963941,43.67349160397076],[-79.38492780250063,43.67247739113047],[-79.3846233140706,43.67180689908305],[-79.38419130005086,43.67080130997497],[-79.3831428915486,43.67103859624782]]]},"properties":{"DAUID":"35202823","DGUID":"2021S051235202823","LANDAREA":0.0915,"PRUID":"35"}},
{"type":"Feature","geometry":{"type":"Polygon","coordinates":[[[-79.3826831099625,43.67522791339188],[-79.38312540792737,43.67538721337825],[-79.38373110470985,43.67546780787732],[-79.3840967892853,43.675707089068034],[-79.38437239983642,43.67607111257517],[-79.3844762993041,43.6763606905108],[-79.38469981308053,43.676814101583616],[-79.38587218414413,43.676578501627546],[-79.38625010350181,43.67682701328682],[-79.3864389111661,43.67718979672705],[-79.3864820157234,43.67743350318317],[-79.38640470188525,43.67754050486609],[-79.38672708747461,43.67754499929267],[-79.38952179297036,43.67695418815919],[-79.38923080440064,43.67623880666746],[-79.38897559927338,43.67557789620566],[-79.38834859864113,43.67574360486184],[-79.38794709540413,43.675770201446795],[-79.38766661873697,43.675715891452576],[-79.38754238695117,43.67559878786609],[-79.38737220556197,43.67500000882157],[-79.38717161051457,43.67448680844799],[-79.38696750549038,43.6742255117634],[-79.38676970485386,43.674058801773555],[-79.38632991805208,43.67383329269057],[-79.38540641003873,43.67362091346205],[-79.3840570963941,43.67349160397076],[-79.3826831099625,43.67522791339188]]]},"properties":{"DAUID":"35202878","DGUID":"2021S051235202878","LANDAREA":0.1292,"PRUID":"35"}},
{"type":"Feature","geometry":{"type":"Polygon","coordinates":[[[-79.38952179297036,43.67695418815919],[-79.38672708747461,43.67754499929267],[-79.38640470188525,43.67754050486609],[-79.38627711014107,43.67767369007894],[-79.3862958045753,43.677899103094184],[-79.38655151111692,43.67854200384856],[-79.38534090057286,43.678812992401056],[-79.38268318858825,43.6793786886799],[-79.38130350546736,43.67955761322538],[-79.38151070964953,43.67980990522704],[-79.38186251439137,43.680120803429524],[-79.38240429574202,43.680728895103144],[-79.38269470470964,43.681260590554004],[-79.38265528817392,43.681341108817676],[-79.38313790198846,43.682311291395806],[-79.38324819937927,43.6828260871917],[-79.38330300602978,43.68355619039311],[-79.38335939929527,43.6837641109368],[-79.38371450657264,43.68451229952991],[-79.38481106457576,43.68402176288824],[-79.3880734648228,43.682548161145064],[-79.391200077793,43.68111107027804],[-79.39041858403277,43.67913669452716],[-79.39003420798747,43.67820389663107],[-79.38952179297036,43.67695418815919]]]},"properties":{"DAUID":"35202879","DGUID":"2021S051235202879","LANDAREA":0.3511,"PRUID":"35"}},
{"type":"Feature","geometry":{"type":"Polygon","coordinates":[[[-79.36343632850888,43.67530251883045],[-79.36373676560018,43.67557358924898],[-79.36438209559033,43.676300253452254],[-79.36477233896929,43.67657628525517],[-79.36494934862844,43.67679517770595],[-79.3649550809516,43.67695700463061],[-79.36448870438291,43.67721587622664],[-79.36362378580961,43.67783797633774],[-79.36351597114549,43.678051552211464],[-79.36352166607101,43.678358014640914],[-79.3636746061352,43.67879526922725],[-79.36392757176692,43.67899810523377],[-79.36662433763728,43.67878212304794],[-79.36690713107947,43.678782248751304],[-79.36724252011034,43.67924629051297],[-79.3681868955753,43.67865219923618],[-79.36998746471365,43.678670312795134],[-79.37148223065302,43.67882674946463],[-79.37167956431132,43.67893820799883],[-79.37208462614235,43.679024671558075],[-79.3745409081458,43.67922651704741],[-79.37516289733037,43.677624299660536],[-79.3752954137855,43.677311000896005],[-79.3753010019868,43.6771040114479],[-79.37513759366219,43.67672350602634],[-79.37508288217478,43.676452609235135],[-79.37515709947989,43.676003493005396],[-79.37439450251118,43.67621778803651],[-79.37404538970713,43.676284788638014],[-79.37219408652165,43.676719486174896],[-79.37195240068999,43.67615599443825],[-79.37133699920973,43.67459859674407],[-79.36874220227546,43.67513780829243],[-79.36879849250408,43.67534570013003],[-79.36795709314089,43.675469696580855],[-79.36781629780195,43.67539860675677],[-79.3678403172982,43.675062291304215],[-79.3677269125324,43.67469109048468],[-79.36736140123429,43.67436180840385],[-79.36698358965951,43.67457239132636],[-79.36629620586741,43.67476069229215],[-79.36343632850888,43.67530251883045]]]},"properties":{"DAUID":"35203848","DGUID":"2021S051235203848","LANDAREA":0.3423,"PRUID":"35"}},
{"type":"Feature","geometry":{"type":"Polygon","coordinates":[[[-79.37489560372698,43.67236219390933],[-79.37494430878778,43.67303820215192],[-79.37502674028413,43.67362939589199],[-79.3745479058026,43.67375290866507],[-79.37307279368412,43.67417310916845],[-79.37212329734581,43.67442070657227],[-79.37133699920973,43.67459859674407],[-79.37195240068999,43.67615599443825],[-79.37219408652165,43.676719486174896],[-79.37404538970713,43.676284788638014],[-79.37439450251118,43.67621778803651],[-79.37515709947989,43.676003493005396],[-79.37474849134011,43.6750522962764],[-79.37552171299552,43.67490121420096],[-79.3761656140971,43.67494638997416],[-79.37751648395786,43.674992603941966],[-79.37785059423547,43.675024301221335],[-79.37756069523442,43.67432839845268],[-79.37713219528915,43.673141292665385],[-79.37684330132694,43.67235390415083],[-79.37630701981696,43.672463290964124],[-79.37588538977029,43.672457300229176],[-79.37489560372698,43.67236219390933]]]},"properties":{"DAUID":"35203849","DGUID":"2021S051235203849","LANDAREA":0.1217,"PRUID":"35"}},
{"type":"Feature","geometry":{"type":"Polygon","coordinates":[[[-79.38923080440064,43.67623880666746],[-79.39010168530513,43.67609630832897],[-79.39032940967957,43.676168603883355],[-79.39055580682013,43.67615529925031],[-79.39174570363559,43.675876302875935],[-79.39278691151061,43.67631791947586],[-79.39374869779644,43.676149297727434],[-79.39445988528665,43.675997200053374],[-79.39473219100316,43.67601899823299],[-79.3954311909417,43.67585778882595],[-79.39692820959804,43.67554571179487],[-79.39659040296988,43.674721605138856],[-79.39481941815743,43.67507489569059],[-79.39441999907858,43.6751683080605],[-79.39383710614176,43.67516009937381],[-79.39346870925439,43.67501991151978],[-79.39153829435381,43.67391228663449],[-79.39006638831836,43.6742157022523],[-79.39043960820425,43.67510330328116],[-79.39052281604886,43.6752394981036],[-79.38897559927338,43.67557789620566],[-79.38923080440064,43.67623880666746]]]},"properties":{"DAUID":"35203991","DGUID":"2021S051235203991","LANDAREA":0.0864,"PRUID":"35"}},
{"type":"Feature","geometry":{"type":"Polygon","coordinates":[[[-79.39939320553889,43.67334720787636],[-79.39785869988032,43.67367689745713],[-79.39628710953211,43.673996993706666],[-79.39659040296988,43.674721605138856],[-79.39692820959804,43.67554571179487],[-79.39740638857297,43.6766867979525],[-79.39761618802284,43.67719399284135],[-79.3991883118996,43.67685590694801],[-79.39970130070459,43.67669199820152],[-79.40054099982035,43.67637058720678],[-79.40046868759121,43.676288586158705],[-79.39989648826588,43.674947988342886],[-79.39983739473416,43.67437089937435],[-79.39939320553889,43.67334720787636]]]},"properties":{"DAUID":"35204091","DGUID":"2021S051235204091","LANDAREA":0.0929,"PRUID":"35"}},
{"type":"Feature","geometry":{"type":"Polygon","coordinates":[[[-79.42066438491909,43.65927300579314],[-79.419566592138,43.65951890181042],[-79.41749698928876,43.65993149511981],[-79.41823869055759,43.661913599357334],[-79.41885539596475,43.6634618006745],[-79.42204868444892,43.66276760045858],[-79.42132620488,43.660992912996576],[-79.42066438491909,43.65927300579314]]]},"properties":{"DAUID":"35204156","DGUID":"2021S051235204156","LANDAREA":0.1083,"PRUID":"35"}},
{"type":"Feature","geometry":{"type":"Polygon","coordinates":[[[-79.39062488508945,43.65981730784763],[-79.3909059095921,43.66044260039147],[-79.39115230133388,43.660602302266604],[-79.3917278067926,43.6608631076739],[-79.39212198160439,43.66120760385399],[-79.3922920128286,43.661479500643225],[-79.39247958227547,43.66188730271909],[-79.39289960127392,43.6624154907362],[-79.39315769772962,43.662968299081356],[-79.39384578919478,43.66479869147342],[-79.39388570063947,43.66505079841536],[-79.39376099344895,43.66543770958982],[-79.39337851068346,43.665784990632474],[-79.39330128608118,43.666158424055595],[-79.39313900918836,43.66636570809786],[-79.3935145146497,43.66725919878976],[-79.39413300713485,43.668717508368616],[-79.39546974912462,43.668417102573706],[-79.39736411899035,43.66802449472627],[-79.39982128432992,43.66750970312532],[-79.3989711890711,43.6654269022219],[-79.40070481734162,43.66506399437493],[-79.4015298875274,43.66715549727982],[-79.40386290705851,43.666647907249676],[-79.4036005926941,43.666248004132676],[-79.40335430054249,43.66618159176173],[-79.40294971460321,43.665536600677214],[-79.40258799854139,43.6646761959823],[-79.40272508976344,43.66465110075882],[-79.40242401417794,43.66384559182655],[-79.40209781392971,43.66304869923351],[-79.40140030011246,43.661292103984266],[-79.40101578967626,43.660359401091085],[-79.40148310093988,43.660041795391095],[-79.4015879963075,43.65982711107113],[-79.4016094990854,43.65948528926506],[-79.40147721160368,43.65933039473576],[-79.40102469219578,43.65908989592255],[-79.40052829982567,43.65910100599569],[-79.40003821264048,43.65794168943109],[-79.39961711138656,43.657977801926016],[-79.39818199481192,43.65825780494482],[-79.39588851740889,43.65869379305876],[-79.39346928153839,43.65919110322828],[-79.39062488508945,43.65981730784763]]]},"properties":{"DAUID":"35204157","DGUID":"2021S051235204157","LANDAREA":0.7325,"PRUID":"35"}},
{"type":"Feature","geometry":{"type":"Polygon","coordinates":[[[-79.42016921136212,43.65119870438187],[-79.4189227897561,43.651442591358304],[-79.41896878672479,43.651578193460146],[-79.42025818556196,43.65490050455315],[-79.42268961020883,43.654393900606564],[-79.42234108402704,43.65349770523785],[-79.4217735041296,43.65196818933157],[-79.42136610684814,43.6509540990699],[-79.42016921136212,43.65119870438187]]]},"properties":{"DAUID":"35204161","DGUID":"2021S051235204161","LANDAREA":0.0815,"PRUID":"35"}},
{"type":"Feature","geometry":{"type":"Polygon","coordinates":[[[-79.3885434887371,43.68476468809267],[-79.3889173918696,43.685489006183445],[-79.38980319002356,43.68529962593125],[-79.38999800032353,43.68563569865571],[-79.390383190855,43.68556499382979],[-79.39284189673852,43.68502329114789],[-79.39237470444445,43.683936301985106],[-79.3907898838055,43.68427410145257],[-79.38885629107561,43.684670109410845],[-79.3885434887371,43.68476468809267]]]},"properties":{"DAUID":"35204508","DGUID":"2021S051235204508","LANDAREA":0.0377,"PRUID":"35"}},
{"type":"Feature","geometry":{"type":"Polygon","coordinates":[[[-79.38633956220048,43.68756941003091],[-79.38649104172204,43.68769690026414],[-79.38680635195635,43.687751187176445],[-79.38714294557404,43.68796969216133],[-79.38730764345064,43.68827849238217],[-79.38763566640378,43.68855948669053],[-79.38804105616664,43.688566386263844],[-79.38850434888927,43.688838285551626],[-79.38882522568072,43.68921369462155],[-79.38986980979564,43.68898820709667],[-79.38907751468425,43.68845480113929],[-79.38854221772193,43.688060096001514],[-79.38833310897712,43.68752590752048],[-79.38843889731517,43.68728430940872],[-79.39083208711237,43.68676046099562],[-79.38999800032353,43.68563569865571],[-79.38980319002356,43.68529962593125],[-79.3889173918696,43.685489006183445],[-79.3885434887371,43.68476468809267],[-79.38772021260687,43.684005793479294],[-79.38861920888675,43.68379339618506],[-79.38812819423487,43.68266998797571],[-79.38923800370262,43.682460497875745],[-79.38945869619963,43.68302189503043],[-79.39038051622725,43.682881801258205],[-79.39012380317311,43.68227488954475],[-79.39154629799975,43.681970802385344],[-79.391200077793,43.68111107027804],[-79.3880734648228,43.682548161145064],[-79.38481106457576,43.68402176288824],[-79.3849204505299,43.684211288239545],[-79.38520695043398,43.68434348621776],[-79.38533884982951,43.68450389610712],[-79.38523294443208,43.684606905943134],[-79.38531414624057,43.68473949393178],[-79.38561495651909,43.68484239048288],[-79.38584303537375,43.68484308275542],[-79.38590846012639,43.68494169712018],[-79.38579423903074,43.6851186031536],[-79.38560865945949,43.68521700788819],[-79.38542095279955,43.68577771010611],[-79.38552144343005,43.68620839255074],[-79.38531884175443,43.68644838849628],[-79.38537335877827,43.686688708487665],[-79.38577373490355,43.68682450335388],[-79.38594565684585,43.68700100442851],[-79.38617565723052,43.6871291960555],[-79.38639655469898,43.687409388765076],[-79.38633956220048,43.68756941003091]]]},"properties":{"DAUID":"35204509","DGUID":"2021S051235204509","LANDAREA":0.185,"PRUID":"35"}},
{"type":"Feature","geometry":{"type":"Polygon","coordinates":[[[-79.39154629799975,43.681970802385344],[-79.39012380317311,43.68227488954475],[-79.39038051622725,43.682881801258205],[-79.38945869619963,43.68302189503043],[-79.38923800370262,43.682460497875745],[-79.38812819423487,43.68266998797571],[-79.38861920888675,43.68379339618506],[-79.38772021260687,43.684005793479294],[-79.3885434887371,43.68476468809267],[-79.38885629107561,43.684670109410845],[-79.3907898838055,43.68427410145257],[-79.39237470444445,43.683936301985106],[-79.3916160935282,43.682142905179546],[-79.39154629799975,43.681970802385344]]]},"properties":{"DAUID":"35204510","DGUID":"2021S051235204510","LANDAREA":0.0657,"PRUID":"35"}},
{"type":"Feature","geometry":{"type":"Polygon","coordinates":[[[-79.38248139746021,43.66940420091913],[-79.3798932992249,43.6699672926496],[-79.38055399434255,43.6716041945573],[-79.38236910914581,43.67121671014497],[-79.3831428915486,43.67103859624782],[-79.3827946959918,43.67015129136971],[-79.38248139746021,43.66940420091913]]]},"properties":{"DAUID":"35204578","DGUID":"2021S051235204578","LANDAREA":0.0415,"PRUID":"35"}},
{"type":"Feature","geometry":{"type":"Polygon","coordinates":[[[-79.38886299179755,43.668193093575546],[-79.38822759624398,43.6683011962152],[-79.38740439440724,43.66846970433059],[-79.38800940490756,43.66996390822024],[-79.38949358373804,43.66966060607687],[-79.38886299179755,43.668193093575546]]]},"properties":{"DAUID":"35204600","DGUID":"2021S051235204600","LANDAREA":0.0213,"PRUID":"35"}},
{"type":"Feature","geometry":{"type":"Polygon","coordinates":[[[-79.39313900918836,43.66636570809786],[-79.3929379659204,43.666341835267126],[-79.39252840888541,43.66619278460579],[-79.39222198889392,43.666025889035964],[-79.3917808832065,43.66586340091668],[-79.39138949526766,43.66548499796515],[-79.39116909258358,43.66483300988408],[-79.38771168574368,43.66563829889604],[-79.38811360321913,43.66652690623296],[-79.38823028917004,43.666806611003594],[-79.38849890216129,43.667431702238964],[-79.38886299179755,43.668193093575546],[-79.39042109264528,43.667909001849516],[-79.3935145146497,43.66725919878976],[-79.39313900918836,43.66636570809786]]]},"properties":{"DAUID":"35204602","DGUID":"2021S051235204602","LANDAREA":0.1041,"PRUID":"35"}},
{"type":"Feature","geometry":{"type":"Polygon","coordinates":[[[-79.3935145146497,43.66725919878976],[-79.39042109264528,43.667909001849516],[-79.38886299179755,43.668193093575546],[-79.38949358373804,43.66966060607687],[-79.39413300713485,43.668717508368616],[-79.3935145146497,43.66725919878976]]]},"properties":{"DAUID":"35204603","DGUID":"2021S051235204603","LANDAREA":0.0655,"PRUID":"35"}},
{"type":"Feature","geometry":{"type":"Polygon","coordinates":[[[-79.38518409632302,43.65921839533564],[-79.3858424988417,43.66080919021474],[-79.38667001562014,43.66065498958172],[-79.38599499905361,43.65904068814142],[-79.38518409632302,43.65921839533564]]]},"properties":{"DAUID":"35204605","DGUID":"2021S051235204605","LANDAREA":0.0127,"PRUID":"35"}},
{"type":"Feature","geometry":{"type":"Polygon","coordinates":[[[-79.38488080639816,43.6585027961249],[-79.38209938766842,43.659093686702455],[-79.38267384664326,43.66033923578109],[-79.38309250479914,43.66136770476734],[-79.3858424988417,43.66080919021474],[-79.38518409632302,43.65921839533564],[-79.38488080639816,43.6585027961249]]]},"properties":{"DAUID":"35204606","DGUID":"2021S051235204606","LANDAREA":0.0615,"PRUID":"35"}},
{"type":"Feature","geometry":{"type":"Polygon","coordinates":[[[-79.38375270016951,43.65571360544184],[-79.38440471361692,43.65729850958831],[-79.38157340772429,43.65789770927454],[-79.38209938766842,43.659093686702455],[-79.38488080639816,43.6585027961249],[-79.38470649402299,43.65806811169119],[-79.38621540683052,43.6577562934166],[-79.385515016129,43.656125694437605],[-79.38521230643782,43.65541989105156],[-79.38375270016951,43.65571360544184]]]},"properties":{"DAUID":"35204607","DGUID":"2021S051235204607","LANDAREA":0.0664,"PRUID":"35"}},
{"type":"Feature","geometry":{"type":"Polygon","coordinates":[[[-79.3809132028962,43.65632241283696],[-79.3813510060233,43.6574084041164],[-79.38157340772429,43.65789770927454],[-79.38440471361692,43.65729850958831],[-79.38375270016951,43.65571360544184],[-79.3809132028962,43.65632241283696]]]},"properties":{"DAUID":"35204608","DGUID":"2021S051235204608","LANDAREA":0.0438,"PRUID":"35"}},
{"type":"Feature","geometry":{"type":"Polygon","coordinates":[[[-79.37925250288545,43.652435503064474],[-79.3799652922722,43.654057303449136],[-79.38066330560854,43.65576890047001],[-79.3809132028962,43.65632241283696],[-79.38375270016951,43.65571360544184],[-79.38521230643782,43.65541989105156],[-79.385515016129,43.656125694437605],[-79.38635109141921,43.6559304055185],[-79.38878290083436,43.655424503853595],[-79.38851420622319,43.65480849103622],[-79.38689230669524,43.651003902860346],[-79.38661129157263,43.65084689524985],[-79.3849523112334,43.65121061337133],[-79.38241201175056,43.65175428909578],[-79.38170548914695,43.65188710785487],[-79.380748912108,43.65212359031648],[-79.37925250288545,43.652435503064474]]]},"properties":{"DAUID":"35204616","DGUID":"2021S051235204616","LANDAREA":0.3102,"PRUID":"35"}},
{"type":"Feature","geometry":{"type":"Polygon","coordinates":[[[-79.38518409632302,43.65921839533564],[-79.38599499905361,43.65904068814142],[-79.38667001562014,43.66065498958172],[-79.38741908589148,43.660510506177815],[-79.39062488508945,43.65981730784763],[-79.39013501175077,43.65865790232205],[-79.389657486945,43.65749869146456],[-79.38878290083436,43.655424503853595],[-79.38635109141921,43.6559304055185],[-79.385515016129,43.656125694437605],[-79.38621540683052,43.6577562934166],[-79.38470649402299,43.65806811169119],[-79.38488080639816,43.6585027961249],[-79.38518409632302,43.65921839533564]]]},"properties":{"DAUID":"35204617","DGUID":"2021S051235204617","LANDAREA":0.1681,"PRUID":"35"}},
{"type":"Feature","geometry":{"type":"Polygon","coordinates":[[[-79.38711779820969,43.66851970070913],[-79.38614440619756,43.6687400050552],[-79.38641290041049,43.669365093897625],[-79.38677461503589,43.670216508883456],[-79.38800940490756,43.66996390822024],[-79.38740439440724,43.66846970433059],[-79.38711779820969,43.66851970070913]]]},"properties":{"DAUID":"35204618","DGUID":"2021S051235204618","LANDAREA":0.0181,"PRUID":"35"}},
{"type":"Feature","geometry":{"type":"Polygon","coordinates":[[[-79.38641290041049,43.669365093897625],[-79.3827946959918,43.67015129136971],[-79.3831428915486,43.67103859624782],[-79.38419130005086,43.67080130997497],[-79.38677461503589,43.670216508883456],[-79.38641290041049,43.669365093897625]]]},"properties":{"DAUID":"35204620","DGUID":"2021S051235204620","LANDAREA":0.0307,"PRUID":"35"}},
{"type":"Feature","geometry":{"type":"Polygon","coordinates":[[[-79.38609788672815,43.668622285290574],[-79.38323298410654,43.66924700549406],[-79.38248139746021,43.66940420091913],[-79.3827946959918,43.67015129136971],[-79.38641290041049,43.669365093897625],[-79.38614440619756,43.6687400050552],[-79.38609788672815,43.668622285290574]]]},"properties":{"DAUID":"35204882","DGUID":"2021S051235204882","LANDAREA":0.0263,"PRUID":"35"}},
{"type":"Feature","geometry":{"type":"Polygon","coordinates":[[[-79.38717090341365,43.664361106588245],[-79.38743431058866,43.66496890850872],[-79.38771168574368,43.66563829889604],[-79.39116909258358,43.66483300988408],[-79.39138949526766,43.66548499796515],[-79.3917808832065,43.66586340091668],[-79.39222198889392,43.666025889035964],[-79.39252840888541,43.66619278460579],[-79.3929379659204,43.666341835267126],[-79.39313900918836,43.66636570809786],[-79.39330128608118,43.666158424055595],[-79.39337851068346,43.665784990632474],[-79.39376099344895,43.66543770958982],[-79.39388570063947,43.66505079841536],[-79.39384578919478,43.66479869147342],[-79.39315769772962,43.662968299081356],[-79.39289960127392,43.6624154907362],[-79.39247958227547,43.66188730271909],[-79.3922920128286,43.661479500643225],[-79.39212198160439,43.66120760385399],[-79.3917278067926,43.6608631076739],[-79.39115230133388,43.660602302266604],[-79.3909059095921,43.66044260039147],[-79.39062488508945,43.65981730784763],[-79.38741908589148,43.660510506177815],[-79.38667001562014,43.66065498958172],[-79.3858424988417,43.66080919021474],[-79.38606889199721,43.661373786580114],[-79.38608889625884,43.661554186974314],[-79.38611979392356,43.66178869171041],[-79.38637449083217,43.662467609168495],[-79.3867723925771,43.66335561153362],[-79.38717090341365,43.664361106588245]]]},"properties":{"DAUID":"35204901","DGUID":"2021S051235204901","LANDAREA":0.2943,"PRUID":"35"}}
]}